chart,start,end,rows,source,dated
01_cross_asset_overview.png,2016-08-15,2026-08-13,2512,SYNTHETIC,True
02_yield_curve.png,2016-08-15,2026-08-13,2512,SYNTHETIC,True
03_real_yield_decomposition.png,2016-08-15,2026-08-13,2512,SYNTHETIC,True
04_correlation_matrix.png,2016-08-16,2026-08-13,2511,SYNTHETIC,True
05_rolling_correlations.png,2016-08-15,2026-08-13,2512,SYNTHETIC,True
06_rolling_equity_betas.png,2017-08-15,2026-08-13,2260,SYNTHETIC,True
07_levels_versus_changes.png,2016-08-15,2026-08-13,2512,SYNTHETIC,True
08_rv_residual_zscore.png,2017-03-27,2026-08-13,2358,SYNTHETIC,True
09_rolling_hedge_ratios.png,2016-08-15,2026-08-13,2512,SYNTHETIC,True
10_positioning_history.png,2016-08-22,2026-08-13,2507,SYNTHETIC,True
11_positioning_buckets_5d.png,2016-08-15,2026-08-13,2512,SYNTHETIC,True
11_positioning_buckets_21d.png,2016-08-15,2026-08-13,2512,SYNTHETIC,True
12_equity_curves.png,2016-08-16,2026-08-13,2511,SYNTHETIC,True
12b_equity_curves_positioning.png,2016-08-16,2026-08-13,2511,SYNTHETIC,True
13_cost_sensitivity.png,2016-08-15,2026-08-13,2512,SYNTHETIC,True
14_regime_performance.png,2016-08-15,2026-08-13,2512,SYNTHETIC,True
15_rolling_performance.png,2017-02-14,2026-08-13,2386,SYNTHETIC,True
