series,reference_period,vintage_date,value
cpi,2014-09-01,2014-10-14,240.38791066655443
cpi,2014-09-01,2014-11-14,240.54810572836183
cpi,2014-09-01,2015-01-14,240.58577510527525
cpi,2014-10-01,2014-11-14,241.18593917096604
cpi,2014-10-01,2014-12-15,241.20348389598402
cpi,2014-10-01,2015-02-16,241.55776711791574
cpi,2014-11-01,2014-12-15,242.40780215575876
cpi,2014-11-01,2015-01-15,242.32588110899357
cpi,2014-11-01,2015-03-16,242.4163761756964
cpi,2014-12-01,2015-01-14,242.7968385779458
cpi,2014-12-01,2015-02-16,243.0361225111773
cpi,2014-12-01,2015-04-14,243.0112143570526
cpi,2015-01-01,2015-02-16,243.77931663564905
cpi,2015-01-01,2015-03-16,243.74001218037995
cpi,2015-01-01,2015-05-18,243.76469079569966
cpi,2015-02-01,2015-03-16,243.4635322878031
cpi,2015-02-01,2015-04-16,243.40385573661925
cpi,2015-02-01,2015-06-16,243.4426625675511
cpi,2015-03-01,2015-04-14,243.24715073883962
cpi,2015-03-01,2015-05-14,243.17424772385144
cpi,2015-03-01,2015-07-14,243.17660637057224
cpi,2015-04-01,2015-05-14,244.2304008642931
cpi,2015-04-01,2015-06-15,244.1643950955715
cpi,2015-04-01,2015-08-14,244.19939435635374
cpi,2015-05-01,2015-06-15,244.58915652144847
cpi,2015-05-01,2015-07-15,244.55369346486955
cpi,2015-05-01,2015-09-15,244.58972541675
cpi,2015-06-01,2015-07-14,245.41050041820247
cpi,2015-06-01,2015-08-14,245.2403030686786
cpi,2015-06-01,2015-10-14,244.9525751359328
cpi,2015-07-01,2015-08-14,244.85298603472185
cpi,2015-07-01,2015-09-14,244.8533275145739
cpi,2015-07-01,2015-11-16,244.9455440079236
cpi,2015-08-01,2015-09-14,245.7390131043712
cpi,2015-08-01,2015-10-14,245.68129441102604
cpi,2015-08-01,2015-12-14,245.5388379732423
cpi,2015-09-01,2015-10-14,246.26142175683265
cpi,2015-09-01,2015-11-16,246.15809324334646
cpi,2015-09-01,2016-01-14,246.42402872069408
cpi,2015-10-01,2015-11-16,247.32904101473187
cpi,2015-10-01,2015-12-16,247.27842663052974
cpi,2015-10-01,2016-02-16,247.32881506881762
cpi,2015-11-01,2015-12-14,247.9022908672966
cpi,2015-11-01,2016-01-14,248.07664370964784
cpi,2015-11-01,2016-03-14,248.00534403594014
cpi,2015-12-01,2016-01-14,248.61372858917233
cpi,2015-12-01,2016-02-15,248.68522020635146
cpi,2015-12-01,2016-04-14,248.67280612864602
cpi,2016-01-01,2016-02-15,249.21301949794787
cpi,2016-01-01,2016-03-15,249.09765181666413
cpi,2016-01-01,2016-05-16,249.26762204119197
cpi,2016-02-01,2016-03-14,250.6752685095741
cpi,2016-02-01,2016-04-14,250.5234464640188
cpi,2016-02-01,2016-06-14,250.60211664144174
cpi,2016-03-01,2016-04-14,250.08045411198688
cpi,2016-03-01,2016-05-16,250.49005788250676
cpi,2016-03-01,2016-07-14,250.3988843466701
cpi,2016-04-01,2016-05-16,250.90557006934202
cpi,2016-04-01,2016-06-16,250.95939865963524
cpi,2016-04-01,2016-08-16,251.05628327130484
cpi,2016-05-01,2016-06-14,251.41850637902022
cpi,2016-05-01,2016-07-14,251.36251572622868
cpi,2016-05-01,2016-09-14,251.39251395446541
cpi,2016-06-01,2016-07-14,252.44759387424713
cpi,2016-06-01,2016-08-15,252.49380809000093
cpi,2016-06-01,2016-10-14,252.4368982394614
cpi,2016-07-01,2016-08-15,253.3549884415357
cpi,2016-07-01,2016-09-15,253.09222782300566
cpi,2016-07-01,2016-11-15,252.99330872749107
cpi,2016-08-01,2016-09-14,253.13429333442505
cpi,2016-08-01,2016-10-14,253.2517970565349
cpi,2016-08-01,2016-12-14,253.29812082833624
cpi,2016-09-01,2016-10-14,253.77188120912456
cpi,2016-09-01,2016-11-14,253.87284741872415
cpi,2016-09-01,2017-01-16,253.93094403486023
cpi,2016-10-01,2016-11-14,254.44554853650442
cpi,2016-10-01,2016-12-14,254.44560158340113
cpi,2016-10-01,2017-02-14,254.53817095865486
cpi,2016-11-01,2016-12-14,256.3948596789162
cpi,2016-11-01,2017-01-16,256.5290877495693
cpi,2016-11-01,2017-03-14,256.44788125624433
cpi,2016-12-01,2017-01-16,257.5953747882442
cpi,2016-12-01,2017-02-16,257.765676727559
cpi,2016-12-01,2017-04-17,257.8663697291607
cpi,2017-01-01,2017-02-14,258.9633936698262
cpi,2017-01-01,2017-03-14,259.0201644630444
cpi,2017-01-01,2017-05-15,258.9642294258349
cpi,2017-02-01,2017-03-14,259.68325906156474
cpi,2017-02-01,2017-04-14,259.5906048486134
cpi,2017-02-01,2017-06-14,259.46211833242705
cpi,2017-03-01,2017-04-14,259.6876768793407
cpi,2017-03-01,2017-05-15,259.73446285010874
cpi,2017-03-01,2017-07-14,259.7728303882574
cpi,2017-04-01,2017-05-15,259.89455094366036
cpi,2017-04-01,2017-06-15,259.9873195574485
cpi,2017-04-01,2017-08-15,260.2476854213294
cpi,2017-05-01,2017-06-14,260.49836047613684
cpi,2017-05-01,2017-07-14,260.54371282968333
cpi,2017-05-01,2017-09-14,260.43762828812345
cpi,2017-06-01,2017-07-14,260.63851121940627
cpi,2017-06-01,2017-08-14,260.6870990275821
cpi,2017-06-01,2017-10-16,260.5028481720952
cpi,2017-07-01,2017-08-14,261.51685109618484
cpi,2017-07-01,2017-09-14,261.5095885236458
cpi,2017-07-01,2017-11-14,261.6511475938145
cpi,2017-08-01,2017-09-14,261.8259970427455
cpi,2017-08-01,2017-10-16,261.952661977009
cpi,2017-08-01,2017-12-14,261.99486361270067
cpi,2017-09-01,2017-10-16,263.6834904120481
cpi,2017-09-01,2017-11-16,263.5917891893181
cpi,2017-09-01,2018-01-16,263.5336749425628
cpi,2017-10-01,2017-11-14,264.459375013323
cpi,2017-10-01,2017-12-14,264.4809681267427
cpi,2017-10-01,2018-02-14,264.45976619514687
cpi,2017-11-01,2017-12-14,264.89526377687645
cpi,2017-11-01,2018-01-15,264.8411462065891
cpi,2017-11-01,2018-03-14,264.75892334528174
cpi,2017-12-01,2018-01-15,266.1308681175135
cpi,2017-12-01,2018-02-15,265.97893039209947
cpi,2017-12-01,2018-04-16,265.77285802402247
cpi,2018-01-01,2018-02-14,266.96006851974425
cpi,2018-01-01,2018-03-14,266.9668437703332
cpi,2018-01-01,2018-05-14,266.88322378095
cpi,2018-02-01,2018-03-14,267.9762058804605
cpi,2018-02-01,2018-04-16,267.88506549365695
cpi,2018-02-01,2018-06-14,268.1050860110428
cpi,2018-03-01,2018-04-16,268.7668219275365
cpi,2018-03-01,2018-05-16,268.82597694735665
cpi,2018-03-01,2018-07-16,268.91913621090345
cpi,2018-04-01,2018-05-14,269.1640684678977
cpi,2018-04-01,2018-06-14,269.50770139408615
cpi,2018-04-01,2018-08-14,269.4274446773668
cpi,2018-05-01,2018-06-14,269.6758684259412
cpi,2018-05-01,2018-07-16,269.6361675857699
cpi,2018-05-01,2018-09-14,269.4847080973368
cpi,2018-06-01,2018-07-16,269.95089338782776
cpi,2018-06-01,2018-08-16,270.1195788234193
cpi,2018-06-01,2018-10-16,270.14506662929267
cpi,2018-07-01,2018-08-14,271.26599224691836
cpi,2018-07-01,2018-09-14,271.3283977221555
cpi,2018-07-01,2018-11-14,271.3765805344293
cpi,2018-08-01,2018-09-14,271.1771357211036
cpi,2018-08-01,2018-10-15,271.2377018289989
cpi,2018-08-01,2018-12-14,271.11332165224616
cpi,2018-09-01,2018-10-15,271.97984247910546
cpi,2018-09-01,2018-11-15,272.1390372829137
cpi,2018-09-01,2019-01-15,272.03548511008177
cpi,2018-10-01,2018-11-14,272.903334995068
cpi,2018-10-01,2018-12-14,273.04455022649836
cpi,2018-10-01,2019-02-14,273.0512507196403
cpi,2018-11-01,2018-12-14,273.4767206922287
cpi,2018-11-01,2019-01-14,273.7047330131465
cpi,2018-11-01,2019-03-14,273.6508111744841
cpi,2018-12-01,2019-01-14,274.1283752682566
cpi,2018-12-01,2019-02-14,274.0923352860312
cpi,2018-12-01,2019-04-15,273.8883311678127
cpi,2019-01-01,2019-02-14,273.87953104666576
cpi,2019-01-01,2019-03-14,273.80491082796607
cpi,2019-01-01,2019-05-14,273.9675667493466
cpi,2019-02-01,2019-03-14,274.890042468175
cpi,2019-02-01,2019-04-15,274.83720898914333
cpi,2019-02-01,2019-06-14,274.6981508510103
cpi,2019-03-01,2019-04-15,275.09111930637243
cpi,2019-03-01,2019-05-15,275.01206163350554
cpi,2019-03-01,2019-07-15,274.90310836764564
cpi,2019-04-01,2019-05-14,274.71821380584095
cpi,2019-04-01,2019-06-14,274.8811607833249
cpi,2019-04-01,2019-08-14,274.77329913804095
cpi,2019-05-01,2019-06-14,275.95998691978116
cpi,2019-05-01,2019-07-15,275.96576462136284
cpi,2019-05-01,2019-09-16,275.8581252111221
cpi,2019-06-01,2019-07-15,276.18879973454057
cpi,2019-06-01,2019-08-15,276.24799078050825
cpi,2019-06-01,2019-10-15,276.3759380635412
cpi,2019-07-01,2019-08-14,277.56399055076207
cpi,2019-07-01,2019-09-16,277.325602106112
cpi,2019-07-01,2019-11-14,277.1824147809863
cpi,2019-08-01,2019-09-16,277.10157098656407
cpi,2019-08-01,2019-10-16,277.0830552338503
cpi,2019-08-01,2019-12-16,277.0448421852729
cpi,2019-09-01,2019-10-14,277.6784092787382
cpi,2019-09-01,2019-11-14,277.755955387975
cpi,2019-09-01,2020-01-14,277.72322267311614
cpi,2019-10-01,2019-11-14,278.29190204335345
cpi,2019-10-01,2019-12-16,278.1232894391125
cpi,2019-10-01,2020-02-14,278.18341699609874
cpi,2019-11-01,2019-12-16,280.41648109212787
cpi,2019-11-01,2020-01-16,280.0821897782938
cpi,2019-11-01,2020-03-16,279.982191690449
cpi,2019-12-01,2020-01-14,280.4304807751403
cpi,2019-12-01,2020-02-14,280.40579088083484
cpi,2019-12-01,2020-04-14,280.300140163201
cpi,2020-01-01,2020-02-14,281.4829128734411
cpi,2020-01-01,2020-03-16,281.63147685229046
cpi,2020-01-01,2020-05-14,281.5546995498921
cpi,2020-02-01,2020-03-16,282.04739382400805
cpi,2020-02-01,2020-04-16,282.11438455792495
cpi,2020-02-01,2020-06-16,282.1410912971116
cpi,2020-03-01,2020-04-14,283.53689146043695
cpi,2020-03-01,2020-05-14,283.5258674690924
cpi,2020-03-01,2020-07-14,283.5277851202316
cpi,2020-04-01,2020-05-14,284.19748024880505
cpi,2020-04-01,2020-06-15,284.27894155101615
cpi,2020-04-01,2020-08-14,283.97620684870367
cpi,2020-05-01,2020-06-15,284.95551465201305
cpi,2020-05-01,2020-07-15,284.97336567137086
cpi,2020-05-01,2020-09-15,284.8876200849089
cpi,2020-06-01,2020-07-14,284.96611013741165
cpi,2020-06-01,2020-08-14,285.1559963901672
cpi,2020-06-01,2020-10-14,285.1583456394814
cpi,2020-07-01,2020-08-14,286.13239150101424
cpi,2020-07-01,2020-09-14,286.2465895446652
cpi,2020-07-01,2020-11-16,286.4572942783002
cpi,2020-08-01,2020-09-14,285.7942072974288
cpi,2020-08-01,2020-10-14,285.89871494610264
cpi,2020-08-01,2020-12-14,285.98797279936844
cpi,2020-09-01,2020-10-14,285.9983619500894
cpi,2020-09-01,2020-11-16,286.04929133098204
cpi,2020-09-01,2021-01-14,286.0361249515401
cpi,2020-10-01,2020-11-16,286.9082786124787
cpi,2020-10-01,2020-12-16,286.9312643761076
cpi,2020-10-01,2021-02-16,286.9054870290498
cpi,2020-11-01,2020-12-14,288.34940067860555
cpi,2020-11-01,2021-01-14,288.4652051997982
cpi,2020-11-01,2021-03-15,288.43336160099415
cpi,2020-12-01,2021-01-14,289.2063764556291
cpi,2020-12-01,2021-02-15,289.1894078672384
cpi,2020-12-01,2021-04-14,289.0098359120538
cpi,2021-01-01,2021-02-15,289.0888876537003
cpi,2021-01-01,2021-03-15,289.2245616310933
cpi,2021-01-01,2021-05-17,289.232728325052
cpi,2021-02-01,2021-03-15,289.7841347361974
cpi,2021-02-01,2021-04-15,289.83544872275627
cpi,2021-02-01,2021-06-15,289.62550546683605
cpi,2021-03-01,2021-04-14,290.9794341992632
cpi,2021-03-01,2021-05-14,290.8143495549829
cpi,2021-03-01,2021-07-14,290.9174712923832
cpi,2021-04-01,2021-05-14,291.89011446069964
cpi,2021-04-01,2021-06-14,291.8964906851314
cpi,2021-04-01,2021-08-16,292.03234749781114
cpi,2021-05-01,2021-06-14,293.86325775283177
cpi,2021-05-01,2021-07-14,293.74813083571536
cpi,2021-05-01,2021-09-14,293.830196555341
cpi,2021-06-01,2021-07-14,294.47641864481994
cpi,2021-06-01,2021-08-16,294.2803101697281
cpi,2021-06-01,2021-10-14,294.3052001232452
cpi,2021-07-01,2021-08-16,295.37245773615905
cpi,2021-07-01,2021-09-16,295.2673348335717
cpi,2021-07-01,2021-11-16,295.26553606633837
cpi,2021-08-01,2021-09-14,296.5028923790225
cpi,2021-08-01,2021-10-14,296.4636819306827
cpi,2021-08-01,2021-12-14,296.45575971450285
cpi,2021-09-01,2021-10-14,297.5734341194149
cpi,2021-09-01,2021-11-15,297.78292454723595
cpi,2021-09-01,2022-01-14,297.619003613679
cpi,2021-10-01,2021-11-15,298.20978412315134
cpi,2021-10-01,2021-12-15,298.44382217558353
cpi,2021-10-01,2022-02-15,298.4391576343623
cpi,2021-11-01,2021-12-14,298.727765350123
cpi,2021-11-01,2022-01-14,298.73521095663585
cpi,2021-11-01,2022-03-14,298.8997194010527
cpi,2021-12-01,2022-01-14,299.27320044565647
cpi,2021-12-01,2022-02-14,299.096682583529
cpi,2021-12-01,2022-04-14,299.2909369525617
cpi,2022-01-01,2022-02-14,299.5897147176141
cpi,2022-01-01,2022-03-14,299.5548092835552
cpi,2022-01-01,2022-05-16,299.64509613222276
cpi,2022-02-01,2022-03-14,300.10905557211953
cpi,2022-02-01,2022-04-14,300.1107134703648
cpi,2022-02-01,2022-06-14,300.10633909133685
cpi,2022-03-01,2022-04-14,300.6818886417908
cpi,2022-03-01,2022-05-16,300.761819246937
cpi,2022-03-01,2022-07-14,300.99291407242964
cpi,2022-04-01,2022-05-16,301.467529732895
cpi,2022-04-01,2022-06-16,301.16896666576076
cpi,2022-04-01,2022-08-16,301.1165868258288
cpi,2022-05-01,2022-06-14,302.37752951925125
cpi,2022-05-01,2022-07-14,302.10335414068663
cpi,2022-05-01,2022-09-14,301.8956441807166
cpi,2022-06-01,2022-07-14,303.22479542321463
cpi,2022-06-01,2022-08-15,303.1679659939558
cpi,2022-06-01,2022-10-14,302.9813796755872
cpi,2022-07-01,2022-08-15,303.5411439636761
cpi,2022-07-01,2022-09-15,303.4282979781289
cpi,2022-07-01,2022-11-15,303.3001810519929
cpi,2022-08-01,2022-09-14,303.78666319935644
cpi,2022-08-01,2022-10-14,303.81399950788915
cpi,2022-08-01,2022-12-14,303.87832538502585
cpi,2022-09-01,2022-10-14,304.24479429232724
cpi,2022-09-01,2022-11-14,304.33792647532783
cpi,2022-09-01,2023-01-16,304.34680284768365
cpi,2022-10-01,2022-11-14,304.86597929443974
cpi,2022-10-01,2022-12-14,305.07590532753017
cpi,2022-10-01,2023-02-14,305.1876726957159
cpi,2022-11-01,2022-12-14,305.51310824258854
cpi,2022-11-01,2023-01-16,305.5831908682953
cpi,2022-11-01,2023-03-14,305.8453004979394
cpi,2022-12-01,2023-01-16,306.44370183587506
cpi,2022-12-01,2023-02-16,306.52073789055197
cpi,2022-12-01,2023-04-17,306.3322970545636
cpi,2023-01-01,2023-02-14,306.8306017437223
cpi,2023-01-01,2023-03-14,306.6830946737125
cpi,2023-01-01,2023-05-15,306.8784502301558
cpi,2023-02-01,2023-03-14,308.0027624322895
cpi,2023-02-01,2023-04-14,307.9296217049584
cpi,2023-02-01,2023-06-14,307.98976114814764
cpi,2023-03-01,2023-04-14,308.6116446770319
cpi,2023-03-01,2023-05-15,308.6402348194064
cpi,2023-03-01,2023-07-14,308.76287286276477
cpi,2023-04-01,2023-05-15,310.1079311674755
cpi,2023-04-01,2023-06-15,310.10883556067955
cpi,2023-04-01,2023-08-15,310.0184365877741
cpi,2023-05-01,2023-06-14,311.26557411788497
cpi,2023-05-01,2023-07-14,311.1679990508536
cpi,2023-05-01,2023-09-14,311.2139129169025
cpi,2023-06-01,2023-07-14,311.03981590125306
cpi,2023-06-01,2023-08-14,310.87499620000773
cpi,2023-06-01,2023-10-16,310.763573266915
cpi,2023-07-01,2023-08-14,312.0689150372121
cpi,2023-07-01,2023-09-14,312.0905363872272
cpi,2023-07-01,2023-11-14,312.14137733918665
cpi,2023-08-01,2023-09-14,312.77322043189065
cpi,2023-08-01,2023-10-16,312.75249438717174
cpi,2023-08-01,2023-12-14,313.0277794228434
cpi,2023-09-01,2023-10-16,314.2687273158617
cpi,2023-09-01,2023-11-16,314.1906865906785
cpi,2023-09-01,2024-01-16,313.9649048838103
cpi,2023-10-01,2023-11-14,314.4202840116493
cpi,2023-10-01,2023-12-14,314.5397866301706
cpi,2023-10-01,2024-02-14,314.42165716900814
cpi,2023-11-01,2023-12-14,315.24296680065567
cpi,2023-11-01,2024-01-15,315.13955485838187
cpi,2023-11-01,2024-03-14,315.2175928147956
cpi,2023-12-01,2024-01-15,315.8962462655927
cpi,2023-12-01,2024-02-15,315.8837894351751
cpi,2023-12-01,2024-04-15,315.9144646476076
cpi,2024-01-01,2024-02-14,316.86465109079836
cpi,2024-01-01,2024-03-14,316.9358433727953
cpi,2024-01-01,2024-05-14,316.8958834252614
cpi,2024-02-01,2024-03-14,315.7128261113488
cpi,2024-02-01,2024-04-15,315.96820189892344
cpi,2024-02-01,2024-06-14,316.12033328247657
cpi,2024-03-01,2024-04-15,316.46979248812374
cpi,2024-03-01,2024-05-15,316.3516960610584
cpi,2024-03-01,2024-07-15,316.3392643819218
cpi,2024-04-01,2024-05-14,316.7376190775044
cpi,2024-04-01,2024-06-14,316.5409826830851
cpi,2024-04-01,2024-08-14,316.52373199111213
cpi,2024-05-01,2024-06-14,317.94622592425486
cpi,2024-05-01,2024-07-15,317.96590124238435
cpi,2024-05-01,2024-09-16,317.98537825928145
cpi,2024-06-01,2024-07-15,318.90080234190043
cpi,2024-06-01,2024-08-15,318.927927598437
cpi,2024-06-01,2024-10-15,319.01944157997156
cpi,2024-07-01,2024-08-14,320.2402283685679
cpi,2024-07-01,2024-09-16,320.36046219363334
cpi,2024-07-01,2024-11-14,320.05058747302235
cpi,2024-08-01,2024-09-16,320.93558594084953
cpi,2024-08-01,2024-10-16,320.86012263364154
cpi,2024-08-01,2024-12-16,320.90416656150455
cpi,2024-09-01,2024-10-14,321.16725788372236
cpi,2024-09-01,2024-11-14,320.9569546139136
cpi,2024-09-01,2025-01-14,320.9189929609144
cpi,2024-10-01,2024-11-14,321.5977151100046
cpi,2024-10-01,2024-12-16,321.5463672078807
cpi,2024-10-01,2025-02-14,321.40768634922034
cpi,2024-11-01,2024-12-16,323.3010674335039
cpi,2024-11-01,2025-01-16,323.23892876437804
cpi,2024-11-01,2025-03-17,323.22243116646854
cpi,2024-12-01,2025-01-14,323.8310691318451
cpi,2024-12-01,2025-02-14,323.6293782615933
cpi,2024-12-01,2025-04-14,323.76078709141905
cpi,2025-01-01,2025-02-14,325.51549448950493
cpi,2025-01-01,2025-03-14,325.3992353334528
cpi,2025-01-01,2025-05-14,325.23579243260764
cpi,2025-02-01,2025-03-14,326.29791810774924
cpi,2025-02-01,2025-04-14,326.4764594524135
cpi,2025-02-01,2025-06-16,326.36970490012067
cpi,2025-03-01,2025-04-14,326.54071314423487
cpi,2025-03-01,2025-05-14,326.6562350855393
cpi,2025-03-01,2025-07-14,326.8222947239643
cpi,2025-04-01,2025-05-14,327.7293231185067
cpi,2025-04-01,2025-06-16,327.75439870304274
cpi,2025-04-01,2025-08-14,327.66367552343166
cpi,2025-05-01,2025-06-16,327.64023307294195
cpi,2025-05-01,2025-07-16,327.74422148330694
cpi,2025-05-01,2025-09-16,327.7821112835198
cpi,2025-06-01,2025-07-14,328.75311767438706
cpi,2025-06-01,2025-08-14,328.82007071117647
cpi,2025-06-01,2025-10-14,328.649038538346
cpi,2025-07-01,2025-08-14,329.14325603204117
cpi,2025-07-01,2025-09-15,329.20367163847607
cpi,2025-07-01,2025-11-14,328.98135991161723
cpi,2025-08-01,2025-09-15,328.8860467387272
cpi,2025-08-01,2025-10-15,328.98766443719256
cpi,2025-08-01,2025-12-15,329.0045624243162
cpi,2025-09-01,2025-10-14,329.45472376737655
cpi,2025-09-01,2025-11-14,329.3582136588243
cpi,2025-09-01,2026-01-14,329.31115120008263
cpi,2025-10-01,2025-11-14,329.54067318017434
cpi,2025-10-01,2025-12-15,329.7192634318818
cpi,2025-10-01,2026-02-16,329.9267632853024
cpi,2025-11-01,2025-12-15,330.7151372401474
cpi,2025-11-01,2026-01-15,330.5471775177729
cpi,2025-11-01,2026-03-16,330.7073019358591
cpi,2025-12-01,2026-01-14,331.6523325780077
cpi,2025-12-01,2026-02-16,331.55833890709874
cpi,2025-12-01,2026-04-14,331.42294392147653
cpi,2026-01-01,2026-02-16,331.17323313464817
cpi,2026-01-01,2026-03-16,331.0360636283784
cpi,2026-01-01,2026-05-18,331.0988001632843
cpi,2026-02-01,2026-03-16,331.9250269620378
cpi,2026-02-01,2026-04-16,331.8766434923675
cpi,2026-02-01,2026-06-16,331.6268956538371
cpi,2026-03-01,2026-04-14,331.5182469514159
cpi,2026-03-01,2026-05-14,331.4108348691634
cpi,2026-03-01,2026-07-14,331.56050788857095
cpi,2026-04-01,2026-05-14,332.39179677499914
cpi,2026-04-01,2026-06-15,332.3100278748715
cpi,2026-05-01,2026-06-15,333.4138351102913
cpi,2026-05-01,2026-07-15,333.40309174862637
cpi,2026-06-01,2026-07-14,333.23891991336
gdp,2014-10-01,2015-01-29,17697.368181483787
gdp,2014-10-01,2015-03-02,17710.470146393283
gdp,2014-10-01,2015-04-29,17729.098685455898
gdp,2015-01-01,2015-04-29,17873.135404108998
gdp,2015-01-01,2015-05-29,17866.827347238956
gdp,2015-01-01,2015-07-29,17868.122375814655
gdp,2015-04-01,2015-07-29,18016.404063227485
gdp,2015-04-01,2015-08-31,17996.534916467852
gdp,2015-04-01,2015-10-29,17961.22465355487
gdp,2015-07-01,2015-10-29,17771.106244941748
gdp,2015-07-01,2015-11-30,17812.44156260873
gdp,2015-07-01,2016-01-29,17841.8084245317
gdp,2015-10-01,2016-01-29,17906.89353834647
gdp,2015-10-01,2016-02-29,17897.632769415093
gdp,2015-10-01,2016-04-29,17931.10050153178
gdp,2016-01-01,2016-04-29,18106.097447919816
gdp,2016-01-01,2016-05-30,18068.518173642813
gdp,2016-01-01,2016-07-29,18072.044454005572
gdp,2016-04-01,2016-07-29,18323.229817730826
gdp,2016-04-01,2016-08-29,18290.687261684612
gdp,2016-04-01,2016-10-31,18270.90377936222
gdp,2016-07-01,2016-10-31,18430.5170066276
gdp,2016-07-01,2016-11-30,18416.87916583228
gdp,2016-07-01,2017-01-31,18409.165091455543
gdp,2016-10-01,2017-01-30,18655.090019528594
gdp,2016-10-01,2017-02-28,18669.996658111046
gdp,2016-10-01,2017-05-01,18689.781143752367
gdp,2017-01-01,2017-05-01,18609.375123512385
gdp,2017-01-01,2017-06-01,18625.638908540586
gdp,2017-01-01,2017-08-01,18623.629481406067
gdp,2017-04-01,2017-07-31,18724.186461794132
gdp,2017-04-01,2017-08-31,18782.773690573864
gdp,2017-04-01,2017-10-31,18806.088594983015
gdp,2017-07-01,2017-10-30,18875.439091962613
gdp,2017-07-01,2017-11-30,18896.828727077303
gdp,2017-07-01,2018-01-30,18934.542832030078
gdp,2017-10-01,2018-01-29,19145.95557020956
gdp,2017-10-01,2018-02-28,19144.552418256844
gdp,2017-10-01,2018-04-30,19145.260103785895
gdp,2018-01-01,2018-04-30,19287.748991677152
gdp,2018-01-01,2018-05-30,19284.88507633922
gdp,2018-01-01,2018-07-30,19301.664395145366
gdp,2018-04-01,2018-07-30,19643.68611204388
gdp,2018-04-01,2018-08-30,19664.59888573965
gdp,2018-04-01,2018-10-30,19626.312160628768
gdp,2018-07-01,2018-10-29,20018.432562030594
gdp,2018-07-01,2018-11-29,20048.157383164496
gdp,2018-07-01,2019-01-29,20031.0786487522
gdp,2018-10-01,2019-01-29,20279.80852404151
gdp,2018-10-01,2019-02-28,20312.705927897565
gdp,2018-10-01,2019-04-29,20286.133311350324
gdp,2019-01-01,2019-04-29,20205.121314583663
gdp,2019-01-01,2019-05-29,20214.437591907663
gdp,2019-01-01,2019-07-29,20199.176402626636
gdp,2019-04-01,2019-07-29,20460.355787517667
gdp,2019-04-01,2019-08-29,20429.29780374357
gdp,2019-04-01,2019-10-29,20418.08209590928
gdp,2019-07-01,2019-10-29,20677.89575461584
gdp,2019-07-01,2019-11-29,20626.24591643883
gdp,2019-07-01,2020-01-29,20619.18373553609
gdp,2019-10-01,2020-01-29,20883.115649289568
gdp,2019-10-01,2020-03-02,20888.531617401408
gdp,2019-10-01,2020-04-29,20869.58234877862
gdp,2020-01-01,2020-04-29,21082.247190117705
gdp,2020-01-01,2020-05-29,21085.83578122394
gdp,2020-01-01,2020-07-29,21076.963308542592
gdp,2020-04-01,2020-07-29,21078.630327072147
gdp,2020-04-01,2020-08-31,21043.909431899843
gdp,2020-04-01,2020-10-29,21034.083253789086
gdp,2020-07-01,2020-10-29,21162.468180395073
gdp,2020-07-01,2020-11-30,21136.868645670354
gdp,2020-07-01,2021-01-29,21108.08690647835
gdp,2020-10-01,2021-01-29,21531.89893010298
gdp,2020-10-01,2021-03-01,21533.689429109254
gdp,2020-10-01,2021-04-29,21522.11530515806
gdp,2021-01-01,2021-04-29,21490.210718398805
gdp,2021-01-01,2021-05-31,21530.648702080158
gdp,2021-01-01,2021-07-29,21583.39246290722
gdp,2021-04-01,2021-07-29,21786.905903237708
gdp,2021-04-01,2021-08-30,21759.32580928209
gdp,2021-04-01,2021-10-29,21806.469272953687
gdp,2021-07-01,2021-10-29,21599.84941119234
gdp,2021-07-01,2021-11-29,21627.688824740784
gdp,2021-07-01,2022-01-31,21600.495416583275
gdp,2021-10-01,2022-01-31,21888.483566587336
gdp,2021-10-01,2022-02-28,21904.853288755603
gdp,2021-10-01,2022-05-02,21907.741244277833
gdp,2022-01-01,2022-04-29,21977.136726267385
gdp,2022-01-01,2022-05-30,21934.961588335773
gdp,2022-01-01,2022-07-29,21977.81671859674
gdp,2022-04-01,2022-07-29,22043.3244842707
gdp,2022-04-01,2022-08-29,22068.320799587316
gdp,2022-04-01,2022-10-31,22107.010232578228
gdp,2022-07-01,2022-10-31,22453.397381042578
gdp,2022-07-01,2022-11-30,22468.209806365423
gdp,2022-07-01,2023-01-31,22467.89253192336
gdp,2022-10-01,2023-01-30,22498.99652829477
gdp,2022-10-01,2023-02-28,22484.979944337327
gdp,2022-10-01,2023-05-01,22440.65328549972
gdp,2023-01-01,2023-05-01,22731.718280140547
gdp,2023-01-01,2023-06-01,22749.102329282374
gdp,2023-01-01,2023-08-01,22721.985880236432
gdp,2023-04-01,2023-07-31,23178.50654505407
gdp,2023-04-01,2023-08-31,23160.903834583754
gdp,2023-04-01,2023-10-31,23167.95804662666
gdp,2023-07-01,2023-10-30,23230.440098340216
gdp,2023-07-01,2023-11-30,23224.75523687277
gdp,2023-07-01,2024-01-30,23266.71956487824
gdp,2023-10-01,2024-01-29,23179.345354820405
gdp,2023-10-01,2024-02-29,23196.132149783418
gdp,2023-10-01,2024-04-29,23157.686363941706
gdp,2024-01-01,2024-04-29,23289.14813440277
gdp,2024-01-01,2024-05-29,23266.27018802888
gdp,2024-01-01,2024-07-29,23276.54690668923
gdp,2024-04-01,2024-07-29,23251.096450611585
gdp,2024-04-01,2024-08-29,23269.13463687166
gdp,2024-04-01,2024-10-29,23261.384016408167
gdp,2024-07-01,2024-10-29,23650.104624576445
gdp,2024-07-01,2024-11-29,23686.551634546642
gdp,2024-07-01,2025-01-29,23690.204633646077
gdp,2024-10-01,2025-01-29,23886.8586726436
gdp,2024-10-01,2025-02-28,23846.790775740683
gdp,2024-10-01,2025-04-29,23803.0478453185
gdp,2025-01-01,2025-04-29,23841.973004533596
gdp,2025-01-01,2025-05-29,23866.835356877913
gdp,2025-01-01,2025-07-29,23851.34170987085
gdp,2025-04-01,2025-07-29,24102.372749635568
gdp,2025-04-01,2025-08-29,24135.548915306725
gdp,2025-04-01,2025-10-29,24072.55541591376
gdp,2025-07-01,2025-10-29,24213.025498826948
gdp,2025-07-01,2025-12-01,24199.854867744554
gdp,2025-07-01,2026-01-29,24214.813701716972
gdp,2025-10-01,2026-01-29,24471.00902179123
gdp,2025-10-01,2026-03-02,24475.019479508785
gdp,2025-10-01,2026-04-29,24528.661654572246
gdp,2026-01-01,2026-04-29,24580.43177106035
gdp,2026-01-01,2026-05-29,24558.17684429969
gdp,2026-01-01,2026-07-29,24543.320532809066
gdp,2026-04-01,2026-07-29,24630.823226459383
indpro,2014-09-01,2014-10-16,100.4585272481084
indpro,2014-09-01,2014-11-17,100.63567665438087
indpro,2014-09-01,2015-01-16,100.5073069671566
indpro,2014-10-01,2014-11-17,99.45897890332427
indpro,2014-10-01,2014-12-17,99.78411918798199
indpro,2014-10-01,2015-02-17,99.67345840795194
indpro,2014-11-01,2014-12-16,99.65896885897689
indpro,2014-11-01,2015-01-16,100.09993706139295
indpro,2014-11-01,2015-03-16,100.69486177538593
indpro,2014-12-01,2015-01-16,101.70696904383395
indpro,2014-12-01,2015-02-16,101.01662778427074
indpro,2014-12-01,2015-04-16,100.69302785858343
indpro,2015-01-01,2015-02-16,101.01043970255964
indpro,2015-01-01,2015-03-16,101.1512781683592
indpro,2015-01-01,2015-05-18,101.33234801848086
indpro,2015-02-01,2015-03-16,103.05140885974681
indpro,2015-02-01,2015-04-16,102.49309413916502
indpro,2015-02-01,2015-06-16,101.88635551395862
indpro,2015-03-01,2015-04-16,102.17129272297132
indpro,2015-03-01,2015-05-18,102.1744086199866
indpro,2015-03-01,2015-07-16,102.25909297216363
indpro,2015-04-01,2015-05-18,102.90606065949285
indpro,2015-04-01,2015-06-18,102.58804687141549
indpro,2015-04-01,2015-08-18,102.0840040399321
indpro,2015-05-01,2015-06-16,102.70273197758499
indpro,2015-05-01,2015-07-16,102.6633370622634
indpro,2015-05-01,2015-09-16,102.65465732543073
indpro,2015-06-01,2015-07-16,103.37949562750937
indpro,2015-06-01,2015-08-17,102.8361023069139
indpro,2015-06-01,2015-10-16,102.96314008883347
indpro,2015-07-01,2015-08-17,102.2991096939792
indpro,2015-07-01,2015-09-17,102.33287500692632
indpro,2015-07-01,2015-11-17,102.92169336048661
indpro,2015-08-01,2015-09-16,103.29851690008364
indpro,2015-08-01,2015-10-16,103.15345175249837
indpro,2015-08-01,2015-12-16,103.18434167592747
indpro,2015-09-01,2015-10-16,103.79961545730342
indpro,2015-09-01,2015-11-16,103.82703976100728
indpro,2015-09-01,2016-01-18,104.00181220529878
indpro,2015-10-01,2015-11-16,104.76609750532788
indpro,2015-10-01,2015-12-16,105.2242263465102
indpro,2015-10-01,2016-02-16,105.10304185718309
indpro,2015-11-01,2015-12-16,105.69108812018301
indpro,2015-11-01,2016-01-18,105.25199727261023
indpro,2015-11-01,2016-03-16,104.84033562936523
indpro,2015-12-01,2016-01-18,103.54897312651222
indpro,2015-12-01,2016-02-18,103.64803453228812
indpro,2015-12-01,2016-04-18,103.7295668013814
indpro,2016-01-01,2016-02-16,104.28638677066083
indpro,2016-01-01,2016-03-16,104.56764221593029
indpro,2016-01-01,2016-05-16,104.29988430417791
indpro,2016-02-01,2016-03-16,104.18684323144073
indpro,2016-02-01,2016-04-18,103.51329484081391
indpro,2016-02-01,2016-06-16,103.2228514826732
indpro,2016-03-01,2016-04-18,103.63774311652706
indpro,2016-03-01,2016-05-18,103.2666638686251
indpro,2016-03-01,2016-07-18,103.28161672955085
indpro,2016-04-01,2016-05-16,103.70599564054538
indpro,2016-04-01,2016-06-16,103.85997745449754
indpro,2016-04-01,2016-08-16,103.77951342503363
indpro,2016-05-01,2016-06-16,104.74398316718948
indpro,2016-05-01,2016-07-18,104.72431360790144
indpro,2016-05-01,2016-09-16,104.7213332741694
indpro,2016-06-01,2016-07-18,105.68075392503366
indpro,2016-06-01,2016-08-18,105.36923081912013
indpro,2016-06-01,2016-10-18,105.09403550651342
indpro,2016-07-01,2016-08-16,105.26931813399156
indpro,2016-07-01,2016-09-16,105.4894145437468
indpro,2016-07-01,2016-11-16,105.66396373885591
indpro,2016-08-01,2016-09-16,107.1996736206167
indpro,2016-08-01,2016-10-17,106.85103287070643
indpro,2016-08-01,2016-12-16,106.26581183027699
indpro,2016-09-01,2016-10-17,107.30448715403105
indpro,2016-09-01,2016-11-17,107.57649990111875
indpro,2016-09-01,2017-01-17,107.59907102764998
indpro,2016-10-01,2016-11-16,108.68045740085839
indpro,2016-10-01,2016-12-16,108.65039463297495
indpro,2016-10-01,2017-02-16,108.43455500095335
indpro,2016-11-01,2016-12-16,107.49892463100313
indpro,2016-11-01,2017-01-16,107.81735091608154
indpro,2016-11-01,2017-03-16,108.07544773843085
indpro,2016-12-01,2017-01-16,107.22803644155857
indpro,2016-12-01,2017-02-16,107.224880126825
indpro,2016-12-01,2017-04-17,107.80510748975493
indpro,2017-01-01,2017-02-16,107.66287490726907
indpro,2017-01-01,2017-03-16,107.53078793923889
indpro,2017-01-01,2017-05-16,107.48284424578162
indpro,2017-02-01,2017-03-16,107.46885483992003
indpro,2017-02-01,2017-04-17,107.4221353278169
indpro,2017-02-01,2017-06-16,107.05901199305549
indpro,2017-03-01,2017-04-17,108.53361318890646
indpro,2017-03-01,2017-05-17,108.71640565448837
indpro,2017-03-01,2017-07-17,107.87924032932199
indpro,2017-04-01,2017-05-16,106.75628255225952
indpro,2017-04-01,2017-06-16,106.71621857739895
indpro,2017-04-01,2017-08-16,107.33534119035693
indpro,2017-05-01,2017-06-16,107.9807663415438
indpro,2017-05-01,2017-07-17,107.93958990366212
indpro,2017-05-01,2017-09-18,108.0020060059665
indpro,2017-06-01,2017-07-17,107.75592841692817
indpro,2017-06-01,2017-08-17,108.20566178947998
indpro,2017-06-01,2017-10-17,108.32971540184808
indpro,2017-07-01,2017-08-16,109.54452466326585
indpro,2017-07-01,2017-09-18,109.11812661461366
indpro,2017-07-01,2017-11-16,108.68746039013119
indpro,2017-08-01,2017-09-18,108.62183239471322
indpro,2017-08-01,2017-10-18,108.93773378154724
indpro,2017-08-01,2017-12-18,109.18545987991335
indpro,2017-09-01,2017-10-16,109.08125621270982
indpro,2017-09-01,2017-11-16,109.07145843115488
indpro,2017-09-01,2018-01-16,109.06480545427834
indpro,2017-10-01,2017-11-16,110.12009645681344
indpro,2017-10-01,2017-12-18,110.47307547274895
indpro,2017-10-01,2018-02-16,110.40278644596194
indpro,2017-11-01,2017-12-18,110.21953434143514
indpro,2017-11-01,2018-01-18,110.32646780382504
indpro,2017-11-01,2018-03-19,109.90594140949399
indpro,2017-12-01,2018-01-16,109.95355538887516
indpro,2017-12-01,2018-02-16,109.82707208979888
indpro,2017-12-01,2018-04-16,109.70965754817065
indpro,2018-01-01,2018-02-16,111.06726088829014
indpro,2018-01-01,2018-03-16,110.9656970487528
indpro,2018-01-01,2018-05-16,110.47840915376888
indpro,2018-02-01,2018-03-16,110.35860184451968
indpro,2018-02-01,2018-04-16,110.43042305539647
indpro,2018-02-01,2018-06-18,110.54360406251791
indpro,2018-03-01,2018-04-16,110.5583167661609
indpro,2018-03-01,2018-05-16,110.77278815965877
indpro,2018-03-01,2018-07-16,110.69673620156848
indpro,2018-04-01,2018-05-16,110.89665146345943
indpro,2018-04-01,2018-06-18,110.16530600742514
indpro,2018-04-01,2018-08-16,110.35360356191029
indpro,2018-05-01,2018-06-18,109.66736860224879
indpro,2018-05-01,2018-07-18,109.61145331596923
indpro,2018-05-01,2018-09-18,109.53742227250456
indpro,2018-06-01,2018-07-16,109.16771666345096
indpro,2018-06-01,2018-08-16,109.16899975837164
indpro,2018-06-01,2018-10-16,109.05547225725117
indpro,2018-07-01,2018-08-16,110.1901244608502
indpro,2018-07-01,2018-09-17,109.91919163936716
indpro,2018-07-01,2018-11-16,109.92106986225696
indpro,2018-08-01,2018-09-17,108.84979448757393
indpro,2018-08-01,2018-10-17,109.07423804085238
indpro,2018-08-01,2018-12-17,109.24538900485783
indpro,2018-09-01,2018-10-16,109.96068645683664
indpro,2018-09-01,2018-11-16,109.53347898577357
indpro,2018-09-01,2019-01-16,109.268582283698
indpro,2018-10-01,2018-11-16,109.82495199571605
indpro,2018-10-01,2018-12-17,109.37355804485829
indpro,2018-10-01,2019-02-18,109.56946007288397
indpro,2018-11-01,2018-12-17,109.40170862649173
indpro,2018-11-01,2019-01-17,109.44262683983892
indpro,2018-11-01,2019-03-18,109.10279751436984
indpro,2018-12-01,2019-01-16,109.2782536035998
indpro,2018-12-01,2019-02-18,109.39256569497738
indpro,2018-12-01,2019-04-16,109.40110158532492
indpro,2019-01-01,2019-02-18,109.74177730161323
indpro,2019-01-01,2019-03-18,109.94639427640026
indpro,2019-01-01,2019-05-20,109.86690293008662
indpro,2019-02-01,2019-03-18,109.68833424358965
indpro,2019-02-01,2019-04-18,110.3428267039527
indpro,2019-02-01,2019-06-18,109.99628403543286
indpro,2019-03-01,2019-04-16,109.94675958918057
indpro,2019-03-01,2019-05-16,109.71951733110963
indpro,2019-03-01,2019-07-16,109.81025268401972
indpro,2019-04-01,2019-05-16,109.01165564375582
indpro,2019-04-01,2019-06-17,109.24850550495324
indpro,2019-04-01,2019-08-16,108.95143144424036
indpro,2019-05-01,2019-06-17,109.84489068645391
indpro,2019-05-01,2019-07-17,110.01420792713286
indpro,2019-05-01,2019-09-17,109.57574042186538
indpro,2019-06-01,2019-07-16,110.0825153560248
indpro,2019-06-01,2019-08-16,109.31924253631709
indpro,2019-06-01,2019-10-16,109.62596639126974
indpro,2019-07-01,2019-08-16,110.32829634331877
indpro,2019-07-01,2019-09-16,110.21779387564452
indpro,2019-07-01,2019-11-18,110.30227583479635
indpro,2019-08-01,2019-09-16,109.7612172927502
indpro,2019-08-01,2019-10-16,109.96338351524012
indpro,2019-08-01,2019-12-16,109.84508993591756
indpro,2019-09-01,2019-10-16,109.51095006163195
indpro,2019-09-01,2019-11-18,109.58747501234289
indpro,2019-09-01,2020-01-16,109.86095976747295
indpro,2019-10-01,2019-11-18,108.93468391089937
indpro,2019-10-01,2019-12-18,108.98427708158633
indpro,2019-10-01,2020-02-18,109.1247067508954
indpro,2019-11-01,2019-12-16,108.78967445300339
indpro,2019-11-01,2020-01-16,108.99473791729338
indpro,2019-11-01,2020-03-16,109.09410790657088
indpro,2019-12-01,2020-01-16,109.29666636178163
indpro,2019-12-01,2020-02-17,109.2671536755661
indpro,2019-12-01,2020-04-16,109.21712044492399
indpro,2020-01-01,2020-02-17,108.50587544300761
indpro,2020-01-01,2020-03-17,108.51952484346822
indpro,2020-01-01,2020-05-18,108.57094938915725
indpro,2020-02-01,2020-03-16,109.29828997853947
indpro,2020-02-01,2020-04-16,109.21918657610624
indpro,2020-02-01,2020-06-16,108.78013862097376
indpro,2020-03-01,2020-04-16,109.44179456869156
indpro,2020-03-01,2020-05-18,109.1538882909486
indpro,2020-03-01,2020-07-16,109.03243506080815
indpro,2020-04-01,2020-05-18,109.5165557321774
indpro,2020-04-01,2020-06-18,110.01669755888965
indpro,2020-04-01,2020-08-18,109.76095573878663
indpro,2020-05-01,2020-06-16,110.53348997441378
indpro,2020-05-01,2020-07-16,110.73988095962389
indpro,2020-05-01,2020-09-16,110.34103815658985
indpro,2020-06-01,2020-07-16,110.76982865238793
indpro,2020-06-01,2020-08-17,110.24933867308842
indpro,2020-06-01,2020-10-16,110.43692199633482
indpro,2020-07-01,2020-08-17,111.99863776370732
indpro,2020-07-01,2020-09-17,112.04039091168113
indpro,2020-07-01,2020-11-17,111.79558988823533
indpro,2020-08-01,2020-09-16,110.03693531362518
indpro,2020-08-01,2020-10-16,110.63968632603508
indpro,2020-08-01,2020-12-16,110.69990882323808
indpro,2020-09-01,2020-10-16,111.0402782885469
indpro,2020-09-01,2020-11-16,111.09882533555331
indpro,2020-09-01,2021-01-18,111.1045960765785
indpro,2020-10-01,2020-11-16,111.23198400480076
indpro,2020-10-01,2020-12-16,111.50350933219782
indpro,2020-10-01,2021-02-16,111.62334193935108
indpro,2020-11-01,2020-12-16,111.92043508374111
indpro,2020-11-01,2021-01-18,111.70078757364195
indpro,2020-11-01,2021-03-16,111.68949151579388
indpro,2020-12-01,2021-01-18,112.79431066137178
indpro,2020-12-01,2021-02-18,112.9412686934354
indpro,2020-12-01,2021-04-19,112.8781265809545
indpro,2021-01-01,2021-02-16,114.60066117169235
indpro,2021-01-01,2021-03-16,114.06367794490646
indpro,2021-01-01,2021-05-17,113.6997839101528
indpro,2021-02-01,2021-03-16,114.90637611616862
indpro,2021-02-01,2021-04-16,114.83880890888022
indpro,2021-02-01,2021-06-16,114.2743869052804
indpro,2021-03-01,2021-04-16,115.33068204143453
indpro,2021-03-01,2021-05-17,115.28766082067627
indpro,2021-03-01,2021-07-16,115.1665572801752
indpro,2021-04-01,2021-05-17,114.23136144642531
indpro,2021-04-01,2021-06-17,114.20441043289468
indpro,2021-04-01,2021-08-17,114.17621438186056
indpro,2021-05-01,2021-06-16,114.07265699460078
indpro,2021-05-01,2021-07-16,114.39199649208538
indpro,2021-05-01,2021-09-16,114.51050047317422
indpro,2021-06-01,2021-07-16,115.09808845143198
indpro,2021-06-01,2021-08-16,115.00149177109317
indpro,2021-06-01,2021-10-18,114.76797380854316
indpro,2021-07-01,2021-08-16,115.15808789559952
indpro,2021-07-01,2021-09-16,114.78492814010954
indpro,2021-07-01,2021-11-16,114.84574155739611
indpro,2021-08-01,2021-09-16,114.9644066831304
indpro,2021-08-01,2021-10-18,115.33371735694934
indpro,2021-08-01,2021-12-16,115.02509743400051
indpro,2021-09-01,2021-10-18,114.54728710495516
indpro,2021-09-01,2021-11-18,114.47590041362551
indpro,2021-09-01,2022-01-18,114.4486232263579
indpro,2021-10-01,2021-11-16,115.16403451628315
indpro,2021-10-01,2021-12-16,115.1403757121706
indpro,2021-10-01,2022-02-16,114.49051111259045
indpro,2021-11-01,2021-12-16,115.26139903155949
indpro,2021-11-01,2022-01-17,114.96589593794016
indpro,2021-11-01,2022-03-16,114.77546021050445
indpro,2021-12-01,2022-01-17,115.51870053629226
indpro,2021-12-01,2022-02-17,115.12436937393336
indpro,2021-12-01,2022-04-18,115.25702699171651
indpro,2022-01-01,2022-02-16,114.80918006224896
indpro,2022-01-01,2022-03-16,114.99021428094778
indpro,2022-01-01,2022-05-16,114.76118055608922
indpro,2022-02-01,2022-03-16,114.83668423336715
indpro,2022-02-01,2022-04-18,115.20002033814076
indpro,2022-02-01,2022-06-16,115.20416566183374
indpro,2022-03-01,2022-04-18,114.8684432859891
indpro,2022-03-01,2022-05-18,115.01497147296647
indpro,2022-03-01,2022-07-18,114.97565103122724
indpro,2022-04-01,2022-05-16,115.0880222912698
indpro,2022-04-01,2022-06-16,115.1736275370373
indpro,2022-04-01,2022-08-16,114.75044545110187
indpro,2022-05-01,2022-06-16,116.25942653114386
indpro,2022-05-01,2022-07-18,115.47864739580612
indpro,2022-05-01,2022-09-16,115.28160415712374
indpro,2022-06-01,2022-07-18,114.48487545667557
indpro,2022-06-01,2022-08-18,114.8889533008555
indpro,2022-06-01,2022-10-18,115.12385227587865
indpro,2022-07-01,2022-08-16,115.71488722630204
indpro,2022-07-01,2022-09-16,115.73377039293845
indpro,2022-07-01,2022-11-16,115.37100675672554
indpro,2022-08-01,2022-09-16,114.49176228480941
indpro,2022-08-01,2022-10-17,114.95674461613864
indpro,2022-08-01,2022-12-16,115.23642230821898
indpro,2022-09-01,2022-10-17,115.13358234097237
indpro,2022-09-01,2022-11-17,115.14164609199386
indpro,2022-09-01,2023-01-17,115.19689209985675
indpro,2022-10-01,2022-11-16,116.468668771628
indpro,2022-10-01,2022-12-16,116.55046029294625
indpro,2022-10-01,2023-02-16,116.55307186288432
indpro,2022-11-01,2022-12-16,117.66969347332041
indpro,2022-11-01,2023-01-16,117.54172950565729
indpro,2022-11-01,2023-03-16,117.33329509018591
indpro,2022-12-01,2023-01-16,118.29549800622027
indpro,2022-12-01,2023-02-16,117.90255028969263
indpro,2022-12-01,2023-04-17,118.0800705627994
indpro,2023-01-01,2023-02-16,119.37699086334557
indpro,2023-01-01,2023-03-16,119.24685313117286
indpro,2023-01-01,2023-05-16,118.98861604561925
indpro,2023-02-01,2023-03-16,118.9573066315273
indpro,2023-02-01,2023-04-17,119.00444307170277
indpro,2023-02-01,2023-06-16,118.95539929375177
indpro,2023-03-01,2023-04-17,119.61668305650174
indpro,2023-03-01,2023-05-17,119.57737864885245
indpro,2023-03-01,2023-07-17,119.56693548358209
indpro,2023-04-01,2023-05-16,120.72582505526492
indpro,2023-04-01,2023-06-16,120.41993196080585
indpro,2023-04-01,2023-08-16,120.27217024961696
indpro,2023-05-01,2023-06-16,120.80462121281391
indpro,2023-05-01,2023-07-17,120.88722535733663
indpro,2023-05-01,2023-09-18,120.64861239792977
indpro,2023-06-01,2023-07-17,121.63437806623254
indpro,2023-06-01,2023-08-17,121.04943169461852
indpro,2023-06-01,2023-10-17,120.96628246469076
indpro,2023-07-01,2023-08-16,122.15381064376291
indpro,2023-07-01,2023-09-18,122.16722747746317
indpro,2023-07-01,2023-11-16,122.25641251653938
indpro,2023-08-01,2023-09-18,121.38926333765144
indpro,2023-08-01,2023-10-18,121.08821778644995
indpro,2023-08-01,2023-12-18,121.32788389855979
indpro,2023-09-01,2023-10-16,122.35301852626232
indpro,2023-09-01,2023-11-16,122.01383508585859
indpro,2023-09-01,2024-01-16,122.30742978346522
indpro,2023-10-01,2023-11-16,121.26658710926621
indpro,2023-10-01,2023-12-18,121.60132888581363
indpro,2023-10-01,2024-02-16,121.99219609117667
indpro,2023-11-01,2023-12-18,123.26423665830421
indpro,2023-11-01,2024-01-18,123.10450829988858
indpro,2023-11-01,2024-03-18,122.56735493944262
indpro,2023-12-01,2024-01-16,123.51927394986264
indpro,2023-12-01,2024-02-16,123.75441184652068
indpro,2023-12-01,2024-04-16,123.78367358139293
indpro,2024-01-01,2024-02-16,124.50993821781853
indpro,2024-01-01,2024-03-18,123.95741986799322
indpro,2024-01-01,2024-05-16,123.4901110643074
indpro,2024-02-01,2024-03-18,122.94023053061493
indpro,2024-02-01,2024-04-18,122.8181178426356
indpro,2024-02-01,2024-06-18,123.16914082772652
indpro,2024-03-01,2024-04-16,123.5515039327662
indpro,2024-03-01,2024-05-16,123.31899433805512
indpro,2024-03-01,2024-07-16,123.34276288745957
indpro,2024-04-01,2024-05-16,123.47608540360557
indpro,2024-04-01,2024-06-17,123.58206139103216
indpro,2024-04-01,2024-08-16,123.18750640776052
indpro,2024-05-01,2024-06-17,122.7902694254217
indpro,2024-05-01,2024-07-17,123.01799183789247
indpro,2024-05-01,2024-09-17,123.0835771304543
indpro,2024-06-01,2024-07-16,122.67057626680541
indpro,2024-06-01,2024-08-16,122.74896270716376
indpro,2024-06-01,2024-10-16,122.93949991187067
indpro,2024-07-01,2024-08-16,123.87213443583217
indpro,2024-07-01,2024-09-16,124.15091593123852
indpro,2024-07-01,2024-11-18,123.7742229657625
indpro,2024-08-01,2024-09-16,122.57890695520022
indpro,2024-08-01,2024-10-16,122.87019214633396
indpro,2024-08-01,2024-12-16,123.05136255944255
indpro,2024-09-01,2024-10-16,124.43742562475441
indpro,2024-09-01,2024-11-18,124.7263182670435
indpro,2024-09-01,2025-01-16,124.09552143292821
indpro,2024-10-01,2024-11-18,122.8857924973497
indpro,2024-10-01,2024-12-18,123.18186705584226
indpro,2024-10-01,2025-02-18,123.1636975961412
indpro,2024-11-01,2024-12-16,123.6716826761995
indpro,2024-11-01,2025-01-16,124.04246747136817
indpro,2024-11-01,2025-03-17,123.97067624409092
indpro,2024-12-01,2025-01-16,124.57993304262817
indpro,2024-12-01,2025-02-17,124.57054964560281
indpro,2024-12-01,2025-04-16,124.7641986038728
indpro,2025-01-01,2025-02-17,124.87123576492687
indpro,2025-01-01,2025-03-17,124.90849983600638
indpro,2025-01-01,2025-05-19,124.55813639877566
indpro,2025-02-01,2025-03-17,124.81131853247504
indpro,2025-02-01,2025-04-17,125.03317558209962
indpro,2025-02-01,2025-06-17,125.48587890238335
indpro,2025-03-01,2025-04-16,125.77495262913293
indpro,2025-03-01,2025-05-16,125.59419312981244
indpro,2025-03-01,2025-07-16,125.50373312953995
indpro,2025-04-01,2025-05-16,125.9408945271438
indpro,2025-04-01,2025-06-16,125.77452654294855
indpro,2025-04-01,2025-08-18,125.24537640128253
indpro,2025-05-01,2025-06-16,126.19984236781325
indpro,2025-05-01,2025-07-16,126.27511076925909
indpro,2025-05-01,2025-09-16,126.35407846877334
indpro,2025-06-01,2025-07-16,128.19698098198356
indpro,2025-06-01,2025-08-18,127.75425372058793
indpro,2025-06-01,2025-10-16,127.55294603476987
indpro,2025-07-01,2025-08-18,128.57729544145909
indpro,2025-07-01,2025-09-18,128.60072483181088
indpro,2025-07-01,2025-11-18,128.1056766415341
indpro,2025-08-01,2025-09-16,128.45707902113867
indpro,2025-08-01,2025-10-16,128.64279228131903
indpro,2025-08-01,2025-12-16,128.50717089055686
indpro,2025-09-01,2025-10-16,128.59322741449137
indpro,2025-09-01,2025-11-17,128.60314344410162
indpro,2025-09-01,2026-01-16,128.4936814085612
indpro,2025-10-01,2025-11-17,127.90983910303125
indpro,2025-10-01,2025-12-17,127.98491226919445
indpro,2025-10-01,2026-02-17,127.92614432590466
indpro,2025-11-01,2025-12-16,128.58739155513953
indpro,2025-11-01,2026-01-16,128.32717136685264
indpro,2025-11-01,2026-03-16,128.4270342650354
indpro,2025-12-01,2026-01-16,128.20639673558756
indpro,2025-12-01,2026-02-16,127.96195888455944
indpro,2025-12-01,2026-04-16,128.16636827275033
indpro,2026-01-01,2026-02-16,127.50916905148118
indpro,2026-01-01,2026-03-16,127.7374288882387
indpro,2026-01-01,2026-05-18,128.0860663579912
indpro,2026-02-01,2026-03-16,128.73583836380848
indpro,2026-02-01,2026-04-16,128.47144367322431
indpro,2026-02-01,2026-06-16,128.97373286371666
indpro,2026-03-01,2026-04-16,129.80260813617195
indpro,2026-03-01,2026-05-18,129.9018628144826
indpro,2026-03-01,2026-07-16,130.0411417740166
indpro,2026-04-01,2026-05-18,130.82802841659273
indpro,2026-04-01,2026-06-18,130.31880199343684
indpro,2026-05-01,2026-06-16,129.97406814377766
indpro,2026-05-01,2026-07-16,129.8513525189482
indpro,2026-06-01,2026-07-16,131.37443810364746
payrolls,2014-09-01,2014-10-06,144071.74234396356
payrolls,2014-09-01,2014-11-06,144127.62405458133
payrolls,2014-09-01,2015-01-06,144133.73534819853
payrolls,2014-10-01,2014-11-06,144240.0143178203
payrolls,2014-10-01,2014-12-08,144229.54251531625
payrolls,2014-10-01,2015-02-06,144267.77538299866
payrolls,2014-11-01,2014-12-08,144587.57332890187
payrolls,2014-11-01,2015-01-08,144490.41414806456
payrolls,2014-11-01,2015-03-09,144486.14940569244
payrolls,2014-12-01,2015-01-06,144581.802950614
payrolls,2014-12-01,2015-02-06,144583.61950321987
payrolls,2014-12-01,2015-04-06,144585.75740552534
payrolls,2015-01-01,2015-02-06,144753.6064151307
payrolls,2015-01-01,2015-03-06,144732.25947488417
payrolls,2015-01-01,2015-05-06,144703.91916578394
payrolls,2015-02-01,2015-03-06,144439.95006271926
payrolls,2015-02-01,2015-04-06,144439.41497138463
payrolls,2015-02-01,2015-06-08,144466.80642028715
payrolls,2015-03-01,2015-04-06,144713.85347774107
payrolls,2015-03-01,2015-05-06,144736.95106102002
payrolls,2015-03-01,2015-07-06,144682.75539947508
payrolls,2015-04-01,2015-05-06,144894.19059507988
payrolls,2015-04-01,2015-06-08,144854.5290341295
payrolls,2015-04-01,2015-08-06,144819.91463695926
payrolls,2015-05-01,2015-06-08,144987.30349453984
payrolls,2015-05-01,2015-07-08,144947.65579262658
payrolls,2015-05-01,2015-09-08,145016.6553909493
payrolls,2015-06-01,2015-07-06,145012.50242394695
payrolls,2015-06-01,2015-08-06,145012.33528921448
payrolls,2015-06-01,2015-10-06,145100.71294020474
payrolls,2015-07-01,2015-08-06,145194.18381537384
payrolls,2015-07-01,2015-09-07,145198.87222015948
payrolls,2015-07-01,2015-11-06,145139.28202673438
payrolls,2015-08-01,2015-09-07,145464.83123800324
payrolls,2015-08-01,2015-10-07,145391.30514922328
payrolls,2015-08-01,2015-12-07,145391.2508857901
payrolls,2015-09-01,2015-10-06,145497.78847859774
payrolls,2015-09-01,2015-11-06,145463.39708413233
payrolls,2015-09-01,2016-01-06,145519.49927623768
payrolls,2015-10-01,2015-11-06,145432.00407662176
payrolls,2015-10-01,2015-12-07,145419.05775144242
payrolls,2015-10-01,2016-02-08,145369.22210261924
payrolls,2015-11-01,2015-12-07,145554.91040988007
payrolls,2015-11-01,2016-01-07,145578.49266474185
payrolls,2015-11-01,2016-03-07,145534.37725368675
payrolls,2015-12-01,2016-01-06,146289.91013200083
payrolls,2015-12-01,2016-02-08,146236.1181684376
payrolls,2015-12-01,2016-04-06,146261.98549980996
payrolls,2016-01-01,2016-02-08,146638.19384385564
payrolls,2016-01-01,2016-03-08,146524.45359098792
payrolls,2016-01-01,2016-05-09,146489.30031392624
payrolls,2016-02-01,2016-03-07,146455.83525357972
payrolls,2016-02-01,2016-04-07,146406.66455008168
payrolls,2016-02-01,2016-06-07,146464.3119064167
payrolls,2016-03-01,2016-04-06,146417.42232932532
payrolls,2016-03-01,2016-05-06,146457.27799504658
payrolls,2016-03-01,2016-07-06,146426.45480420048
payrolls,2016-04-01,2016-05-06,147110.0551770131
payrolls,2016-04-01,2016-06-06,147099.49175775878
payrolls,2016-04-01,2016-08-08,147105.05999774797
payrolls,2016-05-01,2016-06-06,147179.4592905533
payrolls,2016-05-01,2016-07-06,147136.14838956937
payrolls,2016-05-01,2016-09-06,147129.56169373536
payrolls,2016-06-01,2016-07-06,147162.09062244656
payrolls,2016-06-01,2016-08-08,147160.49460570168
payrolls,2016-06-01,2016-10-06,147229.94263620008
payrolls,2016-07-01,2016-08-08,147398.96153743024
payrolls,2016-07-01,2016-09-08,147417.80466429226
payrolls,2016-07-01,2016-11-08,147339.232191312
payrolls,2016-08-01,2016-09-06,147231.29320369163
payrolls,2016-08-01,2016-10-06,147300.21913322716
payrolls,2016-08-01,2016-12-06,147238.3859128218
payrolls,2016-09-01,2016-10-06,147161.83668290725
payrolls,2016-09-01,2016-11-07,147171.1859154829
payrolls,2016-09-01,2017-01-06,147229.83581960847
payrolls,2016-10-01,2016-11-07,147371.26169173775
payrolls,2016-10-01,2016-12-07,147359.9833839849
payrolls,2016-10-01,2017-02-07,147358.3047923332
payrolls,2016-11-01,2016-12-06,147492.74112018335
payrolls,2016-11-01,2017-01-06,147475.64955897888
payrolls,2016-11-01,2017-03-06,147521.2367313237
payrolls,2016-12-01,2017-01-06,147200.77933532192
payrolls,2016-12-01,2017-02-06,147198.818073022
payrolls,2016-12-01,2017-04-06,147195.03685599944
payrolls,2017-01-01,2017-02-06,147058.7192632433
payrolls,2017-01-01,2017-03-06,147025.75278843858
payrolls,2017-01-01,2017-05-08,147078.93582795377
payrolls,2017-02-01,2017-03-06,147180.83919714508
payrolls,2017-02-01,2017-04-06,147181.22168005005
payrolls,2017-02-01,2017-06-06,147138.13293641093
payrolls,2017-03-01,2017-04-06,147010.38242191044
payrolls,2017-03-01,2017-05-08,146983.09521415332
payrolls,2017-03-01,2017-07-06,146984.3122391483
payrolls,2017-04-01,2017-05-08,147114.32558821325
payrolls,2017-04-01,2017-06-08,147075.41623122792
payrolls,2017-04-01,2017-08-08,147142.76479263642
payrolls,2017-05-01,2017-06-06,147447.9408967974
payrolls,2017-05-01,2017-07-06,147445.5626784368
payrolls,2017-05-01,2017-09-06,147399.63045858633
payrolls,2017-06-01,2017-07-06,147657.50180830527
payrolls,2017-06-01,2017-08-07,147608.67585316423
payrolls,2017-06-01,2017-10-06,147562.82045582487
payrolls,2017-07-01,2017-08-07,148103.82438583678
payrolls,2017-07-01,2017-09-07,148064.0614114339
payrolls,2017-07-01,2017-11-07,148012.4211236379
payrolls,2017-08-01,2017-09-06,148361.36324042632
payrolls,2017-08-01,2017-10-06,148392.62399102343
payrolls,2017-08-01,2017-12-06,148323.10396865688
payrolls,2017-09-01,2017-10-06,148727.81945364387
payrolls,2017-09-01,2017-11-06,148720.22060578872
payrolls,2017-09-01,2018-01-08,148689.9264441726
payrolls,2017-10-01,2017-11-06,149224.95273354487
payrolls,2017-10-01,2017-12-06,149127.48214770356
payrolls,2017-10-01,2018-02-06,149132.9808404701
payrolls,2017-11-01,2017-12-06,149046.0702807114
payrolls,2017-11-01,2018-01-08,149090.87959499852
payrolls,2017-11-01,2018-03-06,149080.3541624799
payrolls,2017-12-01,2018-01-08,149196.94598838338
payrolls,2017-12-01,2018-02-08,149147.3478000875
payrolls,2017-12-01,2018-04-09,149166.79066003792
payrolls,2018-01-01,2018-02-06,149607.40110924796
payrolls,2018-01-01,2018-03-06,149551.1546929598
payrolls,2018-01-01,2018-05-07,149493.0698390598
payrolls,2018-02-01,2018-03-06,150063.7038705579
payrolls,2018-02-01,2018-04-06,150132.3944591922
payrolls,2018-02-01,2018-06-06,150119.54116575024
payrolls,2018-03-01,2018-04-06,150190.30048994863
payrolls,2018-03-01,2018-05-07,150231.4668859732
payrolls,2018-03-01,2018-07-06,150256.39060235102
payrolls,2018-04-01,2018-05-07,149984.84944450296
payrolls,2018-04-01,2018-06-07,149961.43055546432
payrolls,2018-04-01,2018-08-07,149984.5608134499
payrolls,2018-05-01,2018-06-06,150071.7585800953
payrolls,2018-05-01,2018-07-06,150078.1504173289
payrolls,2018-05-01,2018-09-06,150114.1474208739
payrolls,2018-06-01,2018-07-06,150580.77373196773
payrolls,2018-06-01,2018-08-06,150542.27036308346
payrolls,2018-06-01,2018-10-08,150543.8920922277
payrolls,2018-07-01,2018-08-06,150726.8293018978
payrolls,2018-07-01,2018-09-06,150718.83762518386
payrolls,2018-07-01,2018-11-06,150748.6591838769
payrolls,2018-08-01,2018-09-06,150795.90080124803
payrolls,2018-08-01,2018-10-08,150741.16575276366
payrolls,2018-08-01,2018-12-06,150714.73622681128
payrolls,2018-09-01,2018-10-08,150513.84652688238
payrolls,2018-09-01,2018-11-08,150599.30781531343
payrolls,2018-09-01,2019-01-08,150525.36939356694
payrolls,2018-10-01,2018-11-06,151269.86237908152
payrolls,2018-10-01,2018-12-06,151273.81974609423
payrolls,2018-10-01,2019-02-06,151289.09508159684
payrolls,2018-11-01,2018-12-06,151473.48489801286
payrolls,2018-11-01,2019-01-07,151510.6753295624
payrolls,2018-11-01,2019-03-06,151492.38541439676
payrolls,2018-12-01,2019-01-07,151636.02966676638
payrolls,2018-12-01,2019-02-07,151591.42123157255
payrolls,2018-12-01,2019-04-08,151585.98035843816
payrolls,2019-01-01,2019-02-06,151811.0737336045
payrolls,2019-01-01,2019-03-06,151749.86706326008
payrolls,2019-01-01,2019-05-06,151706.25346409346
payrolls,2019-02-01,2019-03-06,152158.65084902357
payrolls,2019-02-01,2019-04-08,152148.82593968805
payrolls,2019-02-01,2019-06-06,152104.18136941595
payrolls,2019-03-01,2019-04-08,151750.7378921231
payrolls,2019-03-01,2019-05-08,151753.22562601892
payrolls,2019-03-01,2019-07-08,151810.9277440905
payrolls,2019-04-01,2019-05-06,151622.2542096607
payrolls,2019-04-01,2019-06-06,151602.18542863286
payrolls,2019-04-01,2019-08-06,151574.8553649081
payrolls,2019-05-01,2019-06-06,151585.29847913992
payrolls,2019-05-01,2019-07-08,151571.42440934744
payrolls,2019-05-01,2019-09-06,151621.3312591822
payrolls,2019-06-01,2019-07-08,151655.49684886658
payrolls,2019-06-01,2019-08-08,151733.295026151
payrolls,2019-06-01,2019-10-08,151800.55759962363
payrolls,2019-07-01,2019-08-06,152305.37829007805
payrolls,2019-07-01,2019-09-06,152386.1285750913
payrolls,2019-07-01,2019-11-06,152355.50578853826
payrolls,2019-08-01,2019-09-06,152489.40979771526
payrolls,2019-08-01,2019-10-07,152432.4879951816
payrolls,2019-08-01,2019-12-06,152469.21304335014
payrolls,2019-09-01,2019-10-07,152776.71197948742
payrolls,2019-09-01,2019-11-07,152794.63679467715
payrolls,2019-09-01,2020-01-07,152824.05643373646
payrolls,2019-10-01,2019-11-06,152462.10750081902
payrolls,2019-10-01,2019-12-06,152528.72652993284
payrolls,2019-10-01,2020-02-06,152568.06724346624
payrolls,2019-11-01,2019-12-06,152874.0297429652
payrolls,2019-11-01,2020-01-06,152838.3059725879
payrolls,2019-11-01,2020-03-06,152776.83378663397
payrolls,2019-12-01,2020-01-06,153283.75710548426
payrolls,2019-12-01,2020-02-06,153320.50362569245
payrolls,2019-12-01,2020-04-06,153270.24978749122
payrolls,2020-01-01,2020-02-06,153601.45750230632
payrolls,2020-01-01,2020-03-06,153543.91077825855
payrolls,2020-01-01,2020-05-06,153605.12545604032
payrolls,2020-02-01,2020-03-06,153733.1739318442
payrolls,2020-02-01,2020-04-06,153773.99331722787
payrolls,2020-02-01,2020-06-08,153794.48047382335
payrolls,2020-03-01,2020-04-06,153816.1850315223
payrolls,2020-03-01,2020-05-06,153746.5514030205
payrolls,2020-03-01,2020-07-06,153782.71820602418
payrolls,2020-04-01,2020-05-06,153859.22804229165
payrolls,2020-04-01,2020-06-08,153830.83124483543
payrolls,2020-04-01,2020-08-06,153818.32243925188
payrolls,2020-05-01,2020-06-08,154276.43529706504
payrolls,2020-05-01,2020-07-08,154308.27966409695
payrolls,2020-05-01,2020-09-08,154294.46145609661
payrolls,2020-06-01,2020-07-06,154496.01793784136
payrolls,2020-06-01,2020-08-06,154486.48589956845
payrolls,2020-06-01,2020-10-06,154473.9863053285
payrolls,2020-07-01,2020-08-06,154746.710507217
payrolls,2020-07-01,2020-09-07,154778.68774950167
payrolls,2020-07-01,2020-11-06,154706.73577754362
payrolls,2020-08-01,2020-09-07,154498.17095610398
payrolls,2020-08-01,2020-10-07,154558.2049781933
payrolls,2020-08-01,2020-12-07,154563.68968141137
payrolls,2020-09-01,2020-10-06,154631.623056146
payrolls,2020-09-01,2020-11-06,154662.91030629605
payrolls,2020-09-01,2021-01-06,154649.17062098818
payrolls,2020-10-01,2020-11-06,154858.88803316138
payrolls,2020-10-01,2020-12-07,154926.97855208712
payrolls,2020-10-01,2021-02-08,154950.04901377842
payrolls,2020-11-01,2020-12-07,155063.68292761766
payrolls,2020-11-01,2021-01-07,155089.92524118416
payrolls,2020-11-01,2021-03-08,155123.1786882176
payrolls,2020-12-01,2021-01-06,155252.00907569352
payrolls,2020-12-01,2021-02-08,155286.05650860904
payrolls,2020-12-01,2021-04-06,155236.84341017946
payrolls,2021-01-01,2021-02-08,155046.48718798847
payrolls,2021-01-01,2021-03-08,155099.08286422558
payrolls,2021-01-01,2021-05-10,155109.7010165335
payrolls,2021-02-01,2021-03-08,155646.68496993382
payrolls,2021-02-01,2021-04-08,155670.59182261454
payrolls,2021-02-01,2021-06-08,155652.0483361328
payrolls,2021-03-01,2021-04-06,155427.93174534716
payrolls,2021-03-01,2021-05-06,155361.78634217786
payrolls,2021-03-01,2021-07-06,155384.25911274258
payrolls,2021-04-01,2021-05-06,156076.7338733606
payrolls,2021-04-01,2021-06-07,156018.15469617193
payrolls,2021-04-01,2021-08-06,155997.6706483456
payrolls,2021-05-01,2021-06-07,156243.7940068951
payrolls,2021-05-01,2021-07-07,156321.85037027107
payrolls,2021-05-01,2021-09-07,156269.22296150122
payrolls,2021-06-01,2021-07-06,156647.1650817513
payrolls,2021-06-01,2021-08-06,156678.12725926717
payrolls,2021-06-01,2021-10-06,156652.61872625895
payrolls,2021-07-01,2021-08-06,156616.06745359575
payrolls,2021-07-01,2021-09-06,156631.66357993998
payrolls,2021-07-01,2021-11-08,156641.0797227677
payrolls,2021-08-01,2021-09-06,157369.43122550484
payrolls,2021-08-01,2021-10-06,157425.28132143622
payrolls,2021-08-01,2021-12-06,157428.91994938755
payrolls,2021-09-01,2021-10-06,157301.90715739314
payrolls,2021-09-01,2021-11-08,157346.69635594575
payrolls,2021-09-01,2022-01-06,157240.85043291925
payrolls,2021-10-01,2021-11-08,157337.67771463082
payrolls,2021-10-01,2021-12-08,157311.22405114825
payrolls,2021-10-01,2022-02-08,157276.55867805987
payrolls,2021-11-01,2021-12-06,157951.2060060707
payrolls,2021-11-01,2022-01-06,157857.19948594237
payrolls,2021-11-01,2022-03-07,157914.88729625347
payrolls,2021-12-01,2022-01-06,157806.30697934105
payrolls,2021-12-01,2022-02-07,157821.21749524286
payrolls,2021-12-01,2022-04-06,157803.3502749642
payrolls,2022-01-01,2022-02-07,157563.22850945688
payrolls,2022-01-01,2022-03-07,157546.04200454213
payrolls,2022-01-01,2022-05-09,157588.87521237036
payrolls,2022-02-01,2022-03-07,157997.67352740615
payrolls,2022-02-01,2022-04-07,158027.36872985458
payrolls,2022-02-01,2022-06-07,158085.30415964467
payrolls,2022-03-01,2022-04-06,157872.87103012222
payrolls,2022-03-01,2022-05-06,157914.84117354415
payrolls,2022-03-01,2022-07-06,157873.9106655243
payrolls,2022-04-01,2022-05-06,157998.17715609682
payrolls,2022-04-01,2022-06-06,158018.33882663853
payrolls,2022-04-01,2022-08-08,157966.57312559182
payrolls,2022-05-01,2022-06-06,158219.74322171469
payrolls,2022-05-01,2022-07-06,158195.28304937773
payrolls,2022-05-01,2022-09-06,158168.61069863391
payrolls,2022-06-01,2022-07-06,158721.85174572203
payrolls,2022-06-01,2022-08-08,158639.54591965338
payrolls,2022-06-01,2022-10-06,158596.4725863628
payrolls,2022-07-01,2022-08-08,158605.87267856897
payrolls,2022-07-01,2022-09-08,158596.84314225003
payrolls,2022-07-01,2022-11-08,158598.23558677555
payrolls,2022-08-01,2022-09-06,158540.67314773466
payrolls,2022-08-01,2022-10-06,158504.2164585428
payrolls,2022-08-01,2022-12-06,158532.97047703114
payrolls,2022-09-01,2022-10-06,158739.45529064944
payrolls,2022-09-01,2022-11-07,158834.82306837715
payrolls,2022-09-01,2023-01-06,158839.501550055
payrolls,2022-10-01,2022-11-07,158950.2606640352
payrolls,2022-10-01,2022-12-07,158917.7367458275
payrolls,2022-10-01,2023-02-07,158944.49988910588
payrolls,2022-11-01,2022-12-06,159318.0982115348
payrolls,2022-11-01,2023-01-06,159333.23170537275
payrolls,2022-11-01,2023-03-06,159325.87935312497
payrolls,2022-12-01,2023-01-06,159977.09082982043
payrolls,2022-12-01,2023-02-06,160013.63353188967
payrolls,2022-12-01,2023-04-06,159958.20926023324
payrolls,2023-01-01,2023-02-06,160166.39402776514
payrolls,2023-01-01,2023-03-06,160205.69682638877
payrolls,2023-01-01,2023-05-08,160188.66547167444
payrolls,2023-02-01,2023-03-06,160275.76029311746
payrolls,2023-02-01,2023-04-06,160267.52678611028
payrolls,2023-02-01,2023-06-06,160250.26809951317
payrolls,2023-03-01,2023-04-06,160790.07769789794
payrolls,2023-03-01,2023-05-08,160796.97917751307
payrolls,2023-03-01,2023-07-06,160773.09668761352
payrolls,2023-04-01,2023-05-08,160283.81552094436
payrolls,2023-04-01,2023-06-08,160288.27522335798
payrolls,2023-04-01,2023-08-08,160331.64369395463
payrolls,2023-05-01,2023-06-06,160259.01124372284
payrolls,2023-05-01,2023-07-06,160259.28691851793
payrolls,2023-05-01,2023-09-06,160302.89412223737
payrolls,2023-06-01,2023-07-06,160717.30758664347
payrolls,2023-06-01,2023-08-07,160763.43734032428
payrolls,2023-06-01,2023-10-06,160731.94849713217
payrolls,2023-07-01,2023-08-07,160555.48403854563
payrolls,2023-07-01,2023-09-07,160623.01067733674
payrolls,2023-07-01,2023-11-07,160639.066637364
payrolls,2023-08-01,2023-09-06,160530.540719253
payrolls,2023-08-01,2023-10-06,160519.55460806098
payrolls,2023-08-01,2023-12-06,160494.78704114893
payrolls,2023-09-01,2023-10-06,160843.88681033376
payrolls,2023-09-01,2023-11-06,160910.54950787008
payrolls,2023-09-01,2024-01-08,160927.4289167914
payrolls,2023-10-01,2023-11-06,161183.33839739297
payrolls,2023-10-01,2023-12-06,161184.71308375805
payrolls,2023-10-01,2024-02-06,161180.31725856898
payrolls,2023-11-01,2023-12-06,161790.4053418449
payrolls,2023-11-01,2024-01-08,161726.39055311176
payrolls,2023-11-01,2024-03-06,161682.13422104443
payrolls,2023-12-01,2024-01-08,161982.48690160929
payrolls,2023-12-01,2024-02-08,161932.63074820218
payrolls,2023-12-01,2024-04-08,161860.75977318358
payrolls,2024-01-01,2024-02-06,161786.8816572947
payrolls,2024-01-01,2024-03-06,161725.1732215564
payrolls,2024-01-01,2024-05-06,161708.6265660471
payrolls,2024-02-01,2024-03-06,161756.89072247513
payrolls,2024-02-01,2024-04-08,161786.76491974024
payrolls,2024-02-01,2024-06-06,161783.52212014652
payrolls,2024-03-01,2024-04-08,161858.98874732797
payrolls,2024-03-01,2024-05-08,161860.0044369854
payrolls,2024-03-01,2024-07-08,161885.6150106157
payrolls,2024-04-01,2024-05-06,162186.95935764984
payrolls,2024-04-01,2024-06-06,162222.6419543486
payrolls,2024-04-01,2024-08-06,162209.7731517255
payrolls,2024-05-01,2024-06-06,161925.55544785367
payrolls,2024-05-01,2024-07-08,161956.01098266177
payrolls,2024-05-01,2024-09-06,161949.11223844966
payrolls,2024-06-01,2024-07-08,161973.47823750734
payrolls,2024-06-01,2024-08-08,162024.70557640117
payrolls,2024-06-01,2024-10-08,162014.38091260244
payrolls,2024-07-01,2024-08-06,162030.95483378923
payrolls,2024-07-01,2024-09-06,161960.29043681518
payrolls,2024-07-01,2024-11-06,161929.2329350016
payrolls,2024-08-01,2024-09-06,162022.46913521312
payrolls,2024-08-01,2024-10-07,161947.92241471607
payrolls,2024-08-01,2024-12-06,161915.05570708425
payrolls,2024-09-01,2024-10-07,161728.45582059977
payrolls,2024-09-01,2024-11-07,161711.6996556561
payrolls,2024-09-01,2025-01-07,161706.000982395
payrolls,2024-10-01,2024-11-06,161527.68088003274
payrolls,2024-10-01,2024-12-06,161559.2693021874
payrolls,2024-10-01,2025-02-06,161553.673848215
payrolls,2024-11-01,2024-12-06,161938.3741240918
payrolls,2024-11-01,2025-01-06,161929.50405207134
payrolls,2024-11-01,2025-03-06,161939.4546494589
payrolls,2024-12-01,2025-01-06,162228.8829615771
payrolls,2024-12-01,2025-02-06,162198.53925167365
payrolls,2024-12-01,2025-04-07,162194.37677617418
payrolls,2025-01-01,2025-02-06,162215.79009977911
payrolls,2025-01-01,2025-03-06,162157.13248672447
payrolls,2025-01-01,2025-05-06,162136.85574875367
payrolls,2025-02-01,2025-03-06,162596.8856180035
payrolls,2025-02-01,2025-04-07,162514.7303695353
payrolls,2025-02-01,2025-06-06,162449.67832041116
payrolls,2025-03-01,2025-04-07,162647.4975724164
payrolls,2025-03-01,2025-05-07,162639.72897896025
payrolls,2025-03-01,2025-07-07,162588.19557060555
payrolls,2025-04-01,2025-05-06,163315.4552690297
payrolls,2025-04-01,2025-06-06,163309.67675541624
payrolls,2025-04-01,2025-08-06,163250.37775395025
payrolls,2025-05-01,2025-06-06,163362.32942662213
payrolls,2025-05-01,2025-07-07,163378.77794684595
payrolls,2025-05-01,2025-09-08,163359.71953169527
payrolls,2025-06-01,2025-07-07,163107.91807518085
payrolls,2025-06-01,2025-08-07,163132.3565369417
payrolls,2025-06-01,2025-10-07,163144.000350469
payrolls,2025-07-01,2025-08-06,163581.64285373272
payrolls,2025-07-01,2025-09-08,163491.40370766533
payrolls,2025-07-01,2025-11-06,163467.82900308387
payrolls,2025-08-01,2025-09-08,163662.88373849634
payrolls,2025-08-01,2025-10-08,163645.16271766846
payrolls,2025-08-01,2025-12-08,163757.26301708334
payrolls,2025-09-01,2025-10-06,163947.00594599108
payrolls,2025-09-01,2025-11-06,163940.3754647842
payrolls,2025-09-01,2026-01-06,163950.8774506542
payrolls,2025-10-01,2025-11-06,163942.64154031815
payrolls,2025-10-01,2025-12-08,163957.02344380025
payrolls,2025-10-01,2026-02-06,163942.84960646593
payrolls,2025-11-01,2025-12-08,163675.60708788066
payrolls,2025-11-01,2026-01-08,163699.6592302565
payrolls,2025-11-01,2026-03-09,163662.061423583
payrolls,2025-12-01,2026-01-06,163904.3595982493
payrolls,2025-12-01,2026-02-06,163956.00929996642
payrolls,2025-12-01,2026-04-06,163978.17223918045
payrolls,2026-01-01,2026-02-06,163743.38262721014
payrolls,2026-01-01,2026-03-06,163708.92210948808
payrolls,2026-01-01,2026-05-06,163770.15825084384
payrolls,2026-02-01,2026-03-06,163938.2584589663
payrolls,2026-02-01,2026-04-06,163925.19606829764
payrolls,2026-02-01,2026-06-08,163874.9732207514
payrolls,2026-03-01,2026-04-06,164018.07917192669
payrolls,2026-03-01,2026-05-06,164089.16046489234
payrolls,2026-03-01,2026-07-06,164121.54438691202
payrolls,2026-04-01,2026-05-06,164240.4307928632
payrolls,2026-04-01,2026-06-08,164179.16236945638
payrolls,2026-04-01,2026-08-06,164275.91048808536
payrolls,2026-05-01,2026-06-08,164549.8387407948
payrolls,2026-05-01,2026-07-08,164562.6103373965
payrolls,2026-06-01,2026-07-06,164575.953783204
payrolls,2026-06-01,2026-08-06,164581.18227086822
payrolls,2026-07-01,2026-08-06,164943.03582302967
unrate,2014-09-01,2014-10-06,5.148387917493833
unrate,2014-09-01,2014-11-06,5.132379087497576
unrate,2014-09-01,2015-01-06,5.147445983546975
unrate,2014-10-01,2014-11-06,5.298964255634148
unrate,2014-10-01,2014-12-08,5.302118092989423
unrate,2014-10-01,2015-02-06,5.330203350320542
unrate,2014-11-01,2014-12-08,5.267864302052265
unrate,2014-11-01,2015-01-08,5.220831695424673
unrate,2014-11-01,2015-03-09,5.206878332085255
unrate,2014-12-01,2015-01-06,5.07594775627619
unrate,2014-12-01,2015-02-06,5.143578356628962
unrate,2014-12-01,2015-04-06,5.139369996417425
unrate,2015-01-01,2015-02-06,5.174306497979464
unrate,2015-01-01,2015-03-06,5.067694646532163
unrate,2015-01-01,2015-05-06,5.065612974158256
unrate,2015-02-01,2015-03-06,4.965254741401467
unrate,2015-02-01,2015-04-06,4.96889563256778
unrate,2015-02-01,2015-06-08,4.969970238272883
unrate,2015-03-01,2015-04-06,4.951321807406405
unrate,2015-03-01,2015-05-06,4.937686344515121
unrate,2015-03-01,2015-07-06,4.906960948197355
unrate,2015-04-01,2015-05-06,4.951590995185796
unrate,2015-04-01,2015-06-08,4.929552075460214
unrate,2015-04-01,2015-08-06,4.87426598855263
unrate,2015-05-01,2015-06-08,4.9737709560270975
unrate,2015-05-01,2015-07-08,4.901025917868295
unrate,2015-05-01,2015-09-08,4.924472079100648
unrate,2015-06-01,2015-07-06,4.950194226353965
unrate,2015-06-01,2015-08-06,4.964846736966543
unrate,2015-06-01,2015-10-06,4.973875665465517
unrate,2015-07-01,2015-08-06,5.152979504991882
unrate,2015-07-01,2015-09-07,5.092505524133781
unrate,2015-07-01,2015-11-06,5.083288454504352
unrate,2015-08-01,2015-09-07,5.152781298164265
unrate,2015-08-01,2015-10-07,5.08675728914038
unrate,2015-08-01,2015-12-07,5.102911888760162
unrate,2015-09-01,2015-10-06,4.82955727953147
unrate,2015-09-01,2015-11-06,4.777792236979815
unrate,2015-09-01,2016-01-06,4.787178357127704
unrate,2015-10-01,2015-11-06,4.975049638215223
unrate,2015-10-01,2015-12-07,4.9099490089374855
unrate,2015-10-01,2016-02-08,4.914076531725757
unrate,2015-11-01,2015-12-07,5.295371031213261
unrate,2015-11-01,2016-01-07,5.22369967287859
unrate,2015-11-01,2016-03-07,5.202020481279575
unrate,2015-12-01,2016-01-06,5.0951549732469825
unrate,2015-12-01,2016-02-08,5.07567364474687
unrate,2015-12-01,2016-04-06,5.096929936340269
unrate,2016-01-01,2016-02-08,5.064097478765481
unrate,2016-01-01,2016-03-08,5.078733658967811
unrate,2016-01-01,2016-05-09,5.0898660006833385
unrate,2016-02-01,2016-03-07,5.07848864893741
unrate,2016-02-01,2016-04-07,5.082042700667848
unrate,2016-02-01,2016-06-07,5.1676957712890115
unrate,2016-03-01,2016-04-06,5.321160931905665
unrate,2016-03-01,2016-05-06,5.3096359410062615
unrate,2016-03-01,2016-07-06,5.2654789236075565
unrate,2016-04-01,2016-05-06,5.264565771866247
unrate,2016-04-01,2016-06-06,5.273957390804952
unrate,2016-04-01,2016-08-08,5.229991836120947
unrate,2016-05-01,2016-06-06,5.1585685395964616
unrate,2016-05-01,2016-07-06,5.097479048048242
unrate,2016-05-01,2016-09-06,5.117355038198322
unrate,2016-06-01,2016-07-06,5.17020387085715
unrate,2016-06-01,2016-08-08,5.219826066112542
unrate,2016-06-01,2016-10-06,5.214788591168893
unrate,2016-07-01,2016-08-08,5.130922285849213
unrate,2016-07-01,2016-09-08,5.182101244561285
unrate,2016-07-01,2016-11-08,5.142802633781193
unrate,2016-08-01,2016-09-06,5.252349625769646
unrate,2016-08-01,2016-10-06,5.246889011739077
unrate,2016-08-01,2016-12-06,5.2532379511921405
unrate,2016-09-01,2016-10-06,5.233160404742347
unrate,2016-09-01,2016-11-07,5.181829311166221
unrate,2016-09-01,2017-01-06,5.205853014325729
unrate,2016-10-01,2016-11-07,5.308802240153201
unrate,2016-10-01,2016-12-07,5.294206479174147
unrate,2016-10-01,2017-02-07,5.322326381860744
unrate,2016-11-01,2016-12-06,5.3796785210794855
unrate,2016-11-01,2017-01-06,5.41974546842637
unrate,2016-11-01,2017-03-06,5.494730107897857
unrate,2016-12-01,2017-01-06,5.400666555461858
unrate,2016-12-01,2017-02-06,5.330818578769981
unrate,2016-12-01,2017-04-06,5.440602452491959
unrate,2017-01-01,2017-02-06,5.408697218906229
unrate,2017-01-01,2017-03-06,5.34752196944516
unrate,2017-01-01,2017-05-08,5.371325390455559
unrate,2017-02-01,2017-03-06,5.227822195062547
unrate,2017-02-01,2017-04-06,5.217141276036018
unrate,2017-02-01,2017-06-06,5.3497310795030755
unrate,2017-03-01,2017-04-06,5.370596540319701
unrate,2017-03-01,2017-05-08,5.259113853764688
unrate,2017-03-01,2017-07-06,5.2949695583411795
unrate,2017-04-01,2017-05-08,5.179220429798237
unrate,2017-04-01,2017-06-08,5.134007869818886
unrate,2017-04-01,2017-08-08,5.165483907633433
unrate,2017-05-01,2017-06-06,5.316673050411372
unrate,2017-05-01,2017-07-06,5.212798944588547
unrate,2017-05-01,2017-09-06,5.232671334563832
unrate,2017-06-01,2017-07-06,5.231805213426074
unrate,2017-06-01,2017-08-07,5.228752238378118
unrate,2017-06-01,2017-10-06,5.176316014593225
unrate,2017-07-01,2017-08-07,5.272209343434947
unrate,2017-07-01,2017-09-07,5.2515092762985
unrate,2017-07-01,2017-11-07,5.288495320667054
unrate,2017-08-01,2017-09-06,5.3537958466686995
unrate,2017-08-01,2017-10-06,5.3400425129193785
unrate,2017-08-01,2017-12-06,5.390414364361557
unrate,2017-09-01,2017-10-06,5.47596299773413
unrate,2017-09-01,2017-11-06,5.450847953724109
unrate,2017-09-01,2018-01-08,5.358166217957738
unrate,2017-10-01,2017-11-06,5.264100443118144
unrate,2017-10-01,2017-12-06,5.31321692000989
unrate,2017-10-01,2018-02-06,5.2585987626825075
unrate,2017-11-01,2017-12-06,5.1560577700316435
unrate,2017-11-01,2018-01-08,5.207130153596234
unrate,2017-11-01,2018-03-06,5.229678850691231
unrate,2017-12-01,2018-01-08,5.323510789471163
unrate,2017-12-01,2018-02-08,5.266932002069415
unrate,2017-12-01,2018-04-09,5.3817516093985365
unrate,2018-01-01,2018-02-06,5.14407682743073
unrate,2018-01-01,2018-03-06,5.135027782832097
unrate,2018-01-01,2018-05-07,5.139993918501527
unrate,2018-02-01,2018-03-06,5.083782953422308
unrate,2018-02-01,2018-04-06,5.098208374815869
unrate,2018-02-01,2018-06-06,5.133710975493077
unrate,2018-03-01,2018-04-06,5.0746209215386004
unrate,2018-03-01,2018-05-07,5.119300014429401
unrate,2018-03-01,2018-07-06,5.1374757092911345
unrate,2018-04-01,2018-05-07,5.315703200961934
unrate,2018-04-01,2018-06-07,5.1723260600260135
unrate,2018-04-01,2018-08-07,5.16922883452734
unrate,2018-05-01,2018-06-06,5.352248939334267
unrate,2018-05-01,2018-07-06,5.313863975966261
unrate,2018-05-01,2018-09-06,5.353748145125788
unrate,2018-06-01,2018-07-06,5.343582903125732
unrate,2018-06-01,2018-08-06,5.458457047054903
unrate,2018-06-01,2018-10-08,5.43194350543924
unrate,2018-07-01,2018-08-06,5.20426776357687
unrate,2018-07-01,2018-09-06,5.221509839665962
unrate,2018-07-01,2018-11-06,5.209867504732569
unrate,2018-08-01,2018-09-06,5.221051650324295
unrate,2018-08-01,2018-10-08,5.254938273607254
unrate,2018-08-01,2018-12-06,5.241475855407221
unrate,2018-09-01,2018-10-08,5.319832138436177
unrate,2018-09-01,2018-11-08,5.324430772559335
unrate,2018-09-01,2019-01-08,5.295890086373402
unrate,2018-10-01,2018-11-06,5.479997819649498
unrate,2018-10-01,2018-12-06,5.403721635975808
unrate,2018-10-01,2019-02-06,5.411271843909273
unrate,2018-11-01,2018-12-06,5.4375770606854426
unrate,2018-11-01,2019-01-07,5.382849661120498
unrate,2018-11-01,2019-03-06,5.470978851569379
unrate,2018-12-01,2019-01-07,5.691526829913832
unrate,2018-12-01,2019-02-07,5.622623803772695
unrate,2018-12-01,2019-04-08,5.5675676249747905
unrate,2019-01-01,2019-02-06,5.476020760294564
unrate,2019-01-01,2019-03-06,5.433254427297608
unrate,2019-01-01,2019-05-06,5.452098043075395
unrate,2019-02-01,2019-03-06,5.479517834895751
unrate,2019-02-01,2019-04-08,5.5886342272450555
unrate,2019-02-01,2019-06-06,5.563703447085242
unrate,2019-03-01,2019-04-08,5.557793002558337
unrate,2019-03-01,2019-05-08,5.507542643169634
unrate,2019-03-01,2019-07-08,5.515302489179131
unrate,2019-04-01,2019-05-06,5.708046044986954
unrate,2019-04-01,2019-06-06,5.673304170714167
unrate,2019-04-01,2019-08-06,5.692507444668342
unrate,2019-05-01,2019-06-06,5.634092948676753
unrate,2019-05-01,2019-07-08,5.5726766586627425
unrate,2019-05-01,2019-09-06,5.561683411921894
unrate,2019-06-01,2019-07-08,5.530446499236417
unrate,2019-06-01,2019-08-08,5.532133945363913
unrate,2019-06-01,2019-10-08,5.590386124096295
unrate,2019-07-01,2019-08-06,5.415353623993339
unrate,2019-07-01,2019-09-06,5.456349960127483
unrate,2019-07-01,2019-11-06,5.488399500776126
unrate,2019-08-01,2019-09-06,5.536340805611394
unrate,2019-08-01,2019-10-07,5.572421401565252
unrate,2019-08-01,2019-12-06,5.6014817761160325
unrate,2019-09-01,2019-10-07,5.881139924031207
unrate,2019-09-01,2019-11-07,5.817854408274823
unrate,2019-09-01,2020-01-07,5.81656494424133
unrate,2019-10-01,2019-11-06,5.86084243813567
unrate,2019-10-01,2019-12-06,5.935753261298165
unrate,2019-10-01,2020-02-06,5.925286497694152
unrate,2019-11-01,2019-12-06,6.0368087841119085
unrate,2019-11-01,2020-01-06,5.980389355870373
unrate,2019-11-01,2020-03-06,6.011015909983384
unrate,2019-12-01,2020-01-06,6.175435210535622
unrate,2019-12-01,2020-02-06,6.237241072669251
unrate,2019-12-01,2020-04-06,6.25078705025352
unrate,2020-01-01,2020-02-06,6.313972606739786
unrate,2020-01-01,2020-03-06,6.358589310914754
unrate,2020-01-01,2020-05-06,6.368630656948284
unrate,2020-02-01,2020-03-06,6.412168239044675
unrate,2020-02-01,2020-04-06,6.387017666306566
unrate,2020-02-01,2020-06-08,6.341940489219894
unrate,2020-03-01,2020-04-06,6.287726179221608
unrate,2020-03-01,2020-05-06,6.309781411312037
unrate,2020-03-01,2020-07-06,6.380416344119226
unrate,2020-04-01,2020-05-06,6.140360635184865
unrate,2020-04-01,2020-06-08,6.197427816513156
unrate,2020-04-01,2020-08-06,6.224789202026345
unrate,2020-05-01,2020-06-08,6.46387480852752
unrate,2020-05-01,2020-07-08,6.4317929187498
unrate,2020-05-01,2020-09-08,6.407947406589008
unrate,2020-06-01,2020-07-06,6.4489116955316055
unrate,2020-06-01,2020-08-06,6.492481247573358
unrate,2020-06-01,2020-10-06,6.4784934502379325
unrate,2020-07-01,2020-08-06,6.377759089792723
unrate,2020-07-01,2020-09-07,6.4660874882669495
unrate,2020-07-01,2020-11-06,6.468169180322702
unrate,2020-08-01,2020-09-07,6.3169983511566645
unrate,2020-08-01,2020-10-07,6.400872962854154
unrate,2020-08-01,2020-12-07,6.3854759561421215
unrate,2020-09-01,2020-10-06,6.478403413876578
unrate,2020-09-01,2020-11-06,6.4285957130545945
unrate,2020-09-01,2021-01-06,6.430054623615513
unrate,2020-10-01,2020-11-06,6.410491336530059
unrate,2020-10-01,2020-12-07,6.471055976924614
unrate,2020-10-01,2021-02-08,6.516967104202626
unrate,2020-11-01,2020-12-07,6.491790260807522
unrate,2020-11-01,2021-01-07,6.5361551928707335
unrate,2020-11-01,2021-03-08,6.475505891547912
unrate,2020-12-01,2021-01-06,6.0596796690808015
unrate,2020-12-01,2021-02-08,6.012306802810253
unrate,2020-12-01,2021-04-06,6.037834110062887
unrate,2021-01-01,2021-02-08,6.147243666338657
unrate,2021-01-01,2021-03-08,6.1315897716307095
unrate,2021-01-01,2021-05-10,6.069901070677112
unrate,2021-02-01,2021-03-08,5.727942386809162
unrate,2021-02-01,2021-04-08,5.812975273765822
unrate,2021-02-01,2021-06-08,5.858067281993722
unrate,2021-03-01,2021-04-06,5.881370485744826
unrate,2021-03-01,2021-05-06,5.877496214994017
unrate,2021-03-01,2021-07-06,5.876536967580362
unrate,2021-04-01,2021-05-06,6.126740397002414
unrate,2021-04-01,2021-06-07,6.22378357626733
unrate,2021-04-01,2021-08-06,6.222374719011373
unrate,2021-05-01,2021-06-07,6.096922148525963
unrate,2021-05-01,2021-07-07,6.09350212536254
unrate,2021-05-01,2021-09-07,6.070756667196795
unrate,2021-06-01,2021-07-06,6.1021569212999465
unrate,2021-06-01,2021-08-06,6.178398944085104
unrate,2021-06-01,2021-10-06,6.175923662372963
unrate,2021-07-01,2021-08-06,5.95090767151973
unrate,2021-07-01,2021-09-06,5.931459640857964
unrate,2021-07-01,2021-11-08,5.943200343121531
unrate,2021-08-01,2021-09-06,5.928505957001866
unrate,2021-08-01,2021-10-06,5.9510963064250495
unrate,2021-08-01,2021-12-06,5.940035682006062
unrate,2021-09-01,2021-10-06,6.10294080553723
unrate,2021-09-01,2021-11-08,6.085657541405105
unrate,2021-09-01,2022-01-06,6.036278607306279
unrate,2021-10-01,2021-11-08,6.0054085213945925
unrate,2021-10-01,2021-12-08,5.99198539866138
unrate,2021-10-01,2022-02-08,6.068856638661013
unrate,2021-11-01,2021-12-06,6.153970937985461
unrate,2021-11-01,2022-01-06,6.118850850586219
unrate,2021-11-01,2022-03-07,6.173559653210761
unrate,2021-12-01,2022-01-06,6.2298954646014835
unrate,2021-12-01,2022-02-07,6.2431182560041325
unrate,2021-12-01,2022-04-06,6.221254068848961
unrate,2022-01-01,2022-02-07,6.162080739050262
unrate,2022-01-01,2022-03-07,6.097709019041188
unrate,2022-01-01,2022-05-09,6.0795140379952555
unrate,2022-02-01,2022-03-07,5.7801512109781985
unrate,2022-02-01,2022-04-07,5.871623360685289
unrate,2022-02-01,2022-06-07,5.79589444385578
unrate,2022-03-01,2022-04-06,5.585297206773819
unrate,2022-03-01,2022-05-06,5.593303044530129
unrate,2022-03-01,2022-07-06,5.6673175403690355
unrate,2022-04-01,2022-05-06,5.728976700711742
unrate,2022-04-01,2022-06-06,5.661711365680071
unrate,2022-04-01,2022-08-08,5.710976136234581
unrate,2022-05-01,2022-06-06,5.691186392223813
unrate,2022-05-01,2022-07-06,5.705624923943366
unrate,2022-05-01,2022-09-06,5.652569333654533
unrate,2022-06-01,2022-07-06,5.627991854255956
unrate,2022-06-01,2022-08-08,5.658396103652077
unrate,2022-06-01,2022-10-06,5.609179217027705
unrate,2022-07-01,2022-08-08,5.6787168596350694
unrate,2022-07-01,2022-09-08,5.696972023135478
unrate,2022-07-01,2022-11-08,5.726547934366797
unrate,2022-08-01,2022-09-06,5.77023722318519
unrate,2022-08-01,2022-10-06,5.798782894411452
unrate,2022-08-01,2022-12-06,5.777929794125009
unrate,2022-09-01,2022-10-06,5.513364493985923
unrate,2022-09-01,2022-11-07,5.580276863328813
unrate,2022-09-01,2023-01-06,5.572719676908976
unrate,2022-10-01,2022-11-07,5.540936671005847
unrate,2022-10-01,2022-12-07,5.620010089914828
unrate,2022-10-01,2023-02-07,5.58412751473182
unrate,2022-11-01,2022-12-06,5.353280734333653
unrate,2022-11-01,2023-01-06,5.380263473106739
unrate,2022-11-01,2023-03-06,5.464130777318196
unrate,2022-12-01,2023-01-06,5.462315467341569
unrate,2022-12-01,2023-02-06,5.461919959721266
unrate,2022-12-01,2023-04-06,5.435406085840288
unrate,2023-01-01,2023-02-06,5.322375501821422
unrate,2023-01-01,2023-03-06,5.2913330071461955
unrate,2023-01-01,2023-05-08,5.228075190118908
unrate,2023-02-01,2023-03-06,4.984963461817257
unrate,2023-02-01,2023-04-06,4.959163069458223
unrate,2023-02-01,2023-06-06,4.967408793339038
unrate,2023-03-01,2023-04-06,4.885810274496544
unrate,2023-03-01,2023-05-08,4.907383456875371
unrate,2023-03-01,2023-07-06,4.943950581900329
unrate,2023-04-01,2023-05-08,4.872743228337152
unrate,2023-04-01,2023-06-08,4.949744829304178
unrate,2023-04-01,2023-08-08,4.946281509866932
unrate,2023-05-01,2023-06-06,4.916282299054613
unrate,2023-05-01,2023-07-06,4.933740797936851
unrate,2023-05-01,2023-09-06,4.8730883265379905
unrate,2023-06-01,2023-07-06,4.856782777797363
unrate,2023-06-01,2023-08-07,4.908800127596086
unrate,2023-06-01,2023-10-06,4.915536460338254
unrate,2023-07-01,2023-08-07,5.092068088288264
unrate,2023-07-01,2023-09-07,5.078463857290543
unrate,2023-07-01,2023-11-07,5.073640678402057
unrate,2023-08-01,2023-09-06,5.21374653138801
unrate,2023-08-01,2023-10-06,5.238783979373527
unrate,2023-08-01,2023-12-06,5.312211262346219
unrate,2023-09-01,2023-10-06,5.454958244464001
unrate,2023-09-01,2023-11-06,5.541634732162566
unrate,2023-09-01,2024-01-08,5.464215352039988
unrate,2023-10-01,2023-11-06,5.592337522940895
unrate,2023-10-01,2023-12-06,5.579662787074506
unrate,2023-10-01,2024-02-06,5.527104637136936
unrate,2023-11-01,2023-12-06,5.5475170339260576
unrate,2023-11-01,2024-01-08,5.532767865569731
unrate,2023-11-01,2024-03-06,5.443632328523229
unrate,2023-12-01,2024-01-08,5.28240395140931
unrate,2023-12-01,2024-02-08,5.329134449889359
unrate,2023-12-01,2024-04-08,5.3345611356036855
unrate,2024-01-01,2024-02-06,5.32383693653577
unrate,2024-01-01,2024-03-06,5.290822069220277
unrate,2024-01-01,2024-05-06,5.372481984556008
unrate,2024-02-01,2024-03-06,5.179753118188024
unrate,2024-02-01,2024-04-08,5.200615104707984
unrate,2024-02-01,2024-06-06,5.11778227158811
unrate,2024-03-01,2024-04-08,5.198187194613773
unrate,2024-03-01,2024-05-08,5.188134221527866
unrate,2024-03-01,2024-07-08,5.12046844943878
unrate,2024-04-01,2024-05-06,5.030730073423281
unrate,2024-04-01,2024-06-06,5.1007605585911815
unrate,2024-04-01,2024-08-06,5.100785443356713
unrate,2024-05-01,2024-06-06,5.200477045149584
unrate,2024-05-01,2024-07-08,5.218536516456502
unrate,2024-05-01,2024-09-06,5.155650500379336
unrate,2024-06-01,2024-07-08,4.961566343287039
unrate,2024-06-01,2024-08-08,5.0646213522014225
unrate,2024-06-01,2024-10-08,5.141017840381822
unrate,2024-07-01,2024-08-06,5.211498346944836
unrate,2024-07-01,2024-09-06,5.27769731732361
unrate,2024-07-01,2024-11-06,5.208050798316378
unrate,2024-08-01,2024-09-06,5.3513247644398705
unrate,2024-08-01,2024-10-07,5.289170265359792
unrate,2024-08-01,2024-12-06,5.3613055168084935
unrate,2024-09-01,2024-10-07,5.40476278373052
unrate,2024-09-01,2024-11-07,5.4456126680464365
unrate,2024-09-01,2025-01-07,5.490604428990995
unrate,2024-10-01,2024-11-06,5.376369657621102
unrate,2024-10-01,2024-12-06,5.308656586619645
unrate,2024-10-01,2025-02-06,5.366273870564338
unrate,2024-11-01,2024-12-06,4.921212223307446
unrate,2024-11-01,2025-01-06,4.912362956236891
unrate,2024-11-01,2025-03-06,4.9703615722701295
unrate,2024-12-01,2025-01-06,4.839566733557904
unrate,2024-12-01,2025-02-06,4.865523688901001
unrate,2024-12-01,2025-04-07,4.821758472292072
unrate,2025-01-01,2025-02-06,4.884389493736516
unrate,2025-01-01,2025-03-06,4.967170135063429
unrate,2025-01-01,2025-05-06,4.9062132163197845
unrate,2025-02-01,2025-03-06,5.126804638511178
unrate,2025-02-01,2025-04-07,5.143980696336069
unrate,2025-02-01,2025-06-06,5.12636848084661
unrate,2025-03-01,2025-04-07,5.037299883189281
unrate,2025-03-01,2025-05-07,5.06403143717619
unrate,2025-03-01,2025-07-07,5.110433433438109
unrate,2025-04-01,2025-05-06,4.995203901005888
unrate,2025-04-01,2025-06-06,5.048801208995709
unrate,2025-04-01,2025-08-06,5.098493087526101
unrate,2025-05-01,2025-06-06,5.157698154619733
unrate,2025-05-01,2025-07-07,5.10436482576801
unrate,2025-05-01,2025-09-08,5.099063181271057
unrate,2025-06-01,2025-07-07,5.0428433408746
unrate,2025-06-01,2025-08-07,4.995231114125483
unrate,2025-06-01,2025-10-07,4.964499153844697
unrate,2025-07-01,2025-08-06,4.888020596423033
unrate,2025-07-01,2025-09-08,4.928124898322838
unrate,2025-07-01,2025-11-06,4.923753443106186
unrate,2025-08-01,2025-09-08,4.72353251563006
unrate,2025-08-01,2025-10-08,4.701323854739022
unrate,2025-08-01,2025-12-08,4.768168816024714
unrate,2025-09-01,2025-10-06,4.847123461883646
unrate,2025-09-01,2025-11-06,4.878355541106341
unrate,2025-09-01,2026-01-06,4.906158317443908
unrate,2025-10-01,2025-11-06,4.835400920298093
unrate,2025-10-01,2025-12-08,4.803535245709837
unrate,2025-10-01,2026-02-06,4.79388698024546
unrate,2025-11-01,2025-12-08,4.712503285202778
unrate,2025-11-01,2026-01-08,4.776241871005944
unrate,2025-11-01,2026-03-09,4.739595460723834
unrate,2025-12-01,2026-01-06,4.76783833865496
unrate,2025-12-01,2026-02-06,4.717467545704644
unrate,2025-12-01,2026-04-06,4.740166123701315
unrate,2026-01-01,2026-02-06,4.776879770039965
unrate,2026-01-01,2026-03-06,4.7787090988286565
unrate,2026-01-01,2026-05-06,4.72523653403248
unrate,2026-02-01,2026-03-06,4.814022539734965
unrate,2026-02-01,2026-04-06,4.749843956839454
unrate,2026-02-01,2026-06-08,4.742077013437497
unrate,2026-03-01,2026-04-06,4.593180938726039
unrate,2026-03-01,2026-05-06,4.525134763336363
unrate,2026-03-01,2026-07-06,4.491111758538809
unrate,2026-04-01,2026-05-06,4.628965508917016
unrate,2026-04-01,2026-06-08,4.681857155810893
unrate,2026-04-01,2026-08-06,4.7197662582503686
unrate,2026-05-01,2026-06-08,4.615342435098802
unrate,2026-05-01,2026-07-08,4.641111671306935
unrate,2026-06-01,2026-07-06,4.554067343166681
unrate,2026-06-01,2026-08-06,4.535868238699872
unrate,2026-07-01,2026-08-06,4.556176379313138
